{"chunk_definitions":[{"row":11,"row_count":1,"visible":true,"expansion_state":0,"options":{"engine":"r","label":"setup","include":false,"dev":"png"},"document_id":"7B8DB10F","chunk_id":"csetup_chunk","chunk_label":"setup"},{"row":30,"row_count":1,"visible":true,"expansion_state":0,"options":{"engine":"r","label":"unnamed-chunk-181","dev":"png"},"document_id":"7B8DB10F","chunk_id":"cdrilpb6barar","chunk_label":"unnamed-chunk-1"},{"row":46,"row_count":1,"visible":true,"expansion_state":0,"options":{"engine":"r","label":"unnamed-chunk-182","dev":"png"},"document_id":"7B8DB10F","chunk_id":"cb8q4uhfro5ws","chunk_label":"unnamed-chunk-2"},{"row":64,"row_count":1,"visible":true,"expansion_state":0,"options":{"engine":"r","label":"unnamed-chunk-183","dev":"png"},"document_id":"7B8DB10F","chunk_id":"cvtaw2ciz5e0q","chunk_label":"unnamed-chunk-3"},{"row":232,"row_count":1,"visible":true,"expansion_state":0,"options":{"engine":"r","label":"unnamed-chunk-197","dev":"png"},"document_id":"7B8DB10F","chunk_id":"cncl8erw7i1a2","chunk_label":"unnamed-chunk-16"}],"doc_write_time":1750250193}