"oldcode";"dis_code";"dis_nom";"dis_cap";"dep_code";"dep_nom";"dep_cap";"spr_code";"spr_nom";"pop";"men";"sup";"km_abidj";"km_yamou";"km_capdis";"km_capdep";"men_ecl_elec";"men_ecl_group";"men_ecl_solaire";"men_ecl_lampe";"men_ecl_bois";"men_ecl_torche";"men_ecl_autre"
"CI010101";"A";"Abidjan";1;"A1";"Abidjan";1;"A101";"Abidjan";5616633;1261750;555,429866862819;0;213,85470508107;0;0;1242973;3295;2951;1452;123;10140;816
"CI010102";"A";"Abidjan";0;"A1";"Abidjan";0;"A102";"Anyama";389592;80147;500,620873589902;23,0541286997716;191,116950883243;23,0541286997716;23,0541286997716;76371;411;1725;481;19;1011;129
"CI010103";"A";"Abidjan";0;"A1";"Abidjan";0;"A103";"Bingerville";204656;46607;306,301861549585;18,6160402992682;226,138089617686;18,6160402992682;18,6160402992682;44972;74;419;222;3;860;57
"CI010104";"A";"Abidjan";0;"A1";"Abidjan";0;"A104";"Brofodoumé";20357;5088;175,525877476915;21,621282268897;207,470340403071;21,621282268897;21,621282268897;4515;18;229;50;2;274;0
"CI010105";"A";"Abidjan";0;"A1";"Abidjan";0;"A105";"Songon";89778;20544;610,933616412777;27,3099790893346;190,729964130149;27,3099790893346;27,3099790893346;18777;65;551;279;13;856;3
"CI020101";"B";"Yamoussoukro";0;"B1";"Attiégouakro";0;"B101";"Attiégouakro";14863;2819;340,728073979048;202,593061437365;25,9676837743352;25,9676837743352;25,9676837743352;2077;0;10;10;1;718;3
"CI020102";"B";"Yamoussoukro";0;"B1";"Attiégouakro";0;"B102";"Lolobo";34650;6513;464,343360592543;224,251838148862;25,8022058040185;25,8022058040185;25,8022058040185;5143;1;122;12;4;1224;7
"CI020201";"B";"Yamoussoukro";1;"B1";"Yamoussoukro";1;"B103";"Yamoussoukro";340234;67394;859,105998118952;213,85470508107;0;0;0;62840;120;2371;212;14;1800;37
"CI020202";"B";"Yamoussoukro";0;"B1";"Yamoussoukro";0;"B104";"Kossou";32326;6034;414,08158541226;236,775847440726;23,1115902831998;23,1115902831998;23,1115902831998;4388;50;242;23;2;1328;1
"CI290102";"C";"Bas-Sassandra";0;"C1";"San Pédro";0;"C101";"Doba";95246;17498;2014,65041872088;310,401482590282;241,16158956699;47,6652216857615;47,6652216857615;2875;197;12171;153;56;2031;15
"CI290103";"C";"Bas-Sassandra";0;"C1";"San Pédro";0;"C102";"Dogbo";61632;10015;1525,53575213609;336,689332110894;271,020476411616;54,9077248176259;54,9077248176259;19;139;8758;95;19;970;15
"CI290104";"C";"Bas-Sassandra";0;"C1";"San Pédro";0;"C103";"Gabiadji";113369;20666;1162,97010504468;276,845959579832;227,829618334705;31,300131502789;31,300131502789;12275;73;5655;124;32;2468;39
"CI290105";"C";"Bas-Sassandra";0;"C1";"San Pédro";0;"C104";"Grand-Béréby";129340;26269;1548,81025477055;343,157012950051;298,57105408161;52,1466211137391;52,1466211137391;12565;720;10099;253;49;2532;51
"CI290101";"C";"Bas-Sassandra";1;"C1";"San Pédro";1;"C105";"San Pédro";390654;75903;890,965975461522;291,072563200688;257,947367945261;0;0;59053;299;12203;302;54;3935;57
"CI290202";"C";"Bas-Sassandra";0;"C2";"Tabou";0;"C201";"Dapo-Iboké";20368;4647;235,630667586203;380,089093853164;324,227622654119;89,0987832395175;19,5106620675753;982;69;2676;132;3;774;11
"CI290203";"C";"Bas-Sassandra";0;"C2";"Tabou";0;"C202";"Djamandioké";22824;3372;496,862046322552;397,249135085695;349,409389685929;107,013391871911;20,7857464403896;1013;275;1318;19;6;738;3
"CI290204";"C";"Bas-Sassandra";0;"C2";"Tabou";0;"C203";"Djouroutou";91316;15377;2341,99155954645;359,089968481707;265,543000784057;95,1250368459731;91,5967046407831;169;500;13159;49;33;1433;34
"CI290205";"C";"Bas-Sassandra";0;"C2";"Tabou";0;"C204";"Grabo";53824;9789;1361,94045902887;376,801737343589;307,775743087877;89,3232952221178;43,2629207306553;1939;230;6523;16;27;1041;13
"CI290206";"C";"Bas-Sassandra";0;"C2";"Tabou";0;"C205";"Olodio";19429;4786;330,225946381632;389,628287561475;333,73803151756;98,5655050288917;21,1730507488795;313;181;3261;26;8;980;17
"CI290201";"C";"Bas-Sassandra";0;"C2";"Tabou";1;"C206";"Tabou";62719;9743;431,349094229353;376,463423441537;332,046856073551;86,370300233552;0;6899;97;1801;35;7;902;2
"CI260101";"C";"Bas-Sassandra";0;"C3";"Buyo";1;"C301";"Buyo";100848;15769;1293,30368542395;350,176867211997;198,328224525041;168,320875222903;0;7452;528;5543;92;17;2122;15
"CI260102";"C";"Bas-Sassandra";0;"C3";"Buyo";0;"C302";"Dapéoua";75721;11922;1083,25969478025;327,469705414967;191,989770475717;139,000185072185;30,6498887875041;2679;91;7189;125;32;1755;51
"CI260202";"C";"Bas-Sassandra";0;"C4";"Guéyo";0;"C401";"Dabouyo";45751;7579;602,468172077944;230,663322024512;165,883144744895;92,3347284477022;21,7414269463336;4963;116;1712;62;7;701;18
"CI260201";"C";"Bas-Sassandra";0;"C4";"Guéyo";1;"C402";"Guéyo";56462;10230;279,051983070979;237,377759447497;150,610909152031;108,070038034318;0;4865;51;3763;49;20;1465;17
"CI260402";"C";"Bas-Sassandra";0;"C6";"Méagui";0;"C501";"Gnanmangui";83794;13047;1689,04896003069;319,213872991535;207,202154394459;105,358779036729;31,1655298832615;190;10472;132;20;2070;18;0
"CI260301";"C";"Bas-Sassandra";0;"C5";"Méagui";1;"C502";"Méagui";153483;33047;685,210702622989;283,629569949966;205,845654710677;64,496259709762;32,2533418692906;19105;278;9646;206;27;3735;50
"CI260302";"C";"Bas-Sassandra";0;"C5";"Méagui";0;"C503";"Oupoyo";61973;9385;840,092804260274;304,646096499032;210,082927051874;81,6255759304571;23,1473324923777;6121;24;1717;200;16;1307;0
"CI260403";"C";"Bas-Sassandra";0;"C6";"Soubré";0;"C601";"Grand-Zatry";112049;17399;1042,62061971181;299,393512361254;157,156805852959;147,566130240404;32,311220809519;11036;249;3586;332;29;2156;11
"CI260404";"C";"Bas-Sassandra";0;"C6";"Soubré";0;"C602";"Liliyo";82566;14682;710,104519057317;275,556568372366;153,69868284894;125,460586057195;0;11509;39;1584;70;15;1458;7
"CI260405";"C";"Bas-Sassandra";0;"C6";"Soubré";0;"C603";"Okrouyo";120053;19805;942,545073972204;265,194134606707;167,479110355083;99,88041855229;0;7233;329;9524;165;34;2512;8
"CI260401";"C";"Bas-Sassandra";0;"C6";"Soubré";1;"C604";"Soubré";272773;56747;618,022010322403;294,590319894454;176,201619548416;115,534391842221;25,2630713219096;44964;186;7008;181;23;4284;101
"CI120101";"C";"Bas-Sassandra";0;"C7";"Fresco";0;"C701";"Dahiri";34821;5802;697,641393762091;174,753778658763;162,64114698603;123,973721507337;22,2662792251351;1445;277;2432;58;6;1584;0
"CI120102";"C";"Bas-Sassandra";0;"C7";"Fresco";1;"C702";"Fresco";48098;10602;635,641429322877;183,183495458461;184,740197390126;109,277221532102;0;4618;826;2723;190;21;2201;23
"CI120103";"C";"Bas-Sassandra";0;"C7";"Fresco";0;"C703";"Gbagbam";24832;4222;539,549209539401;180,525058575069;146,659206775995;128,612884337531;38,6699645189486;1103;118;1844;100;16;1040;1
"CI120202";"C";"Bas-Sassandra";0;"C8";"Sassandra";0;"C801";"Dakpadou";71998;12089;543,183054475781;226,632467372708;188,372853947413;75,0128057769533;29,4051775509148;4048;2368;4490;66;14;1014;89
"CI120203";"C";"Bas-Sassandra";0;"C8";"Sassandra";0;"C802";"Grihiri";41965;7083;900,729468232547;255,482003172862;183,6634651381;75,8553493125401;54,9813331720821;9;67;5885;113;15;987;7
"CI120204";"C";"Bas-Sassandra";0;"C8";"Sassandra";0;"C803";"Lobakuya";42746;6521;532,391898834019;255,825823325317;207,637405092054;50,4189946460269;29,7753101127884;40;43;5476;97;10;855;0
"CI120205";"C";"Bas-Sassandra";0;"C8";"Sassandra";0;"C804";"Medon";17437;3554;397,832715661779;239,914191934045;200,488451635222;60,6125727649187;21,3536563782461;8;47;2585;129;14;700;71
"CI120206";"C";"Bas-Sassandra";0;"C8";"Sassandra";0;"C805";"Sago";91140;17190;1144,65464237337;205,233240603885;172,918938207915;96,6472856532603;46,6976438897235;2534;180;11721;152;28;2564;11
"CI120201";"C";"Bas-Sassandra";0;"C8";"Sassandra";1;"C806";"Sassandra";87945;18028;839,457378960319;238,558953092892;217,517726187315;53,2717666307676;0;10476;143;5211;102;30;2041;25
"CI200101";"D";"Comoe";1;"D1";"Abengourou";1;"D101";"Abengourou";164424;32376;760,30003619829;159,199264749765;198,989481904682;0;0;29031;97;1196;279;18;1731;24
"CI200102";"D";"Comoe";0;"D1";"Abengourou";0;"D102";"Amélékia";25387;6863;336,32629332522;177,413780922557;182,420263257018;29,3170344290148;29,3170344290148;5280;4;185;27;3;1346;18
"CI200103";"D";"Comoe";0;"D1";"Abengourou";0;"D103";"Aniassué";42729;8215;656,793755148084;150,937283240688;181,292262890333;18,1606046479349;18,1606046479349;5748;35;928;31;11;1459;3
"CI200104";"D";"Comoe";0;"D1";"Abengourou";0;"D104";"Ebilassokro";28331;5098;208,524680039033;138,561717032726;225,297433813417;40,9995601844221;40,9995601844221;2929;18;1393;7;6;742;3
"CI200105";"D";"Comoe";0;"D1";"Abengourou";0;"D105";"Niable";57081;10734;511,82334926135;167,498022390053;220,712030087599;21,7271767215605;21,7271767215605;8036;20;815;51;31;1780;1
"CI200106";"D";"Comoe";0;"D1";"Abengourou";0;"D106";"Yakasse-Féyassé";52445;11742;927,062019001346;187,866228271493;204,003549192876;29,1950913052462;29,1950913052462;8316;25;570;304;21;2497;9
"CI200107";"D";"Comoe";0;"D1";"Abengourou";0;"D107";"Zaranou";60142;12466;630,45762268357;139,369307937763;212,894490444211;28,9179829556691;28,9179829556691;10681;21;466;243;6;1045;4
"CI200201";"D";"Comoe";0;"D2";"Agnibilékrou";1;"D201";"Agnibilékrou";99501;23896;450,846699711931;218,638680597435;230,183233288774;59,7410679275515;0;21511;123;654;183;27;1390;8
"CI200202";"D";"Comoe";0;"D2";"Agnibilékrou";0;"D202";"Akoboissué";36022;7281;254,555905193155;193,959968007121;227,230240288267;38,0644840590674;27,2532666208875;4855;122;663;189;31;1421;0
"CI200203";"D";"Comoe";0;"D2";"Agnibilékrou";0;"D203";"Damé";23691;4501;150,969475234175;208,589437288105;238,525269705018;53,2729860587192;19,3542429515009;2966;18;333;169;6;1007;2
"CI200204";"D";"Comoe";0;"D2";"Agnibilékrou";0;"D204";"Duffrebo";44107;8738;694,99174187472;212,155978881894;204,058860798579;55,5393466410794;27,3082147182756;5550;15;1319;125;17;1691;21
"CI200205";"D";"Comoe";0;"D2";"Agnibilékrou";0;"D205";"Tanguélan";12944;2466;245,639501173791;214,143818457385;218,766957360775;55,0351634961147;11,561740448842;1847;64;260;78;1;215;1
"CI200301";"D";"Comoe";0;"D3";"Béttié";1;"D301";"Béttié";33020;6207;684,753677745244;109,585103861623;230,309386499172;70,3722715084034;0;4958;34;316;38;7;851;3
"CI200302";"D";"Comoe";0;"D3";"Béttié";0;"D302";"Diamarakro";36621;5558;427,761333126311;129,901594554081;230,396259688871;52,994589577633;22,0493679889742;3267;33;884;117;14;1243;0
"CI300101";"D";"Comoe";0;"D4";"Aboisso";1;"D401";"Aboisso";100903;23098;649,710142926211;87,8612667186192;269,675145392531;135,642630341513;0;19709;98;1853;64;63;1269;42
"CI300102";"D";"Comoe";0;"D4";"Aboisso";0;"D402";"Adaou";51050;8836;392,477992639051;71,2990020019983;260,068479605934;139,365716980244;16,9523234731243;7488;35;726;65;10;509;3
"CI300103";"D";"Comoe";0;"D4";"Aboisso";0;"D403";"Adjouan";28663;5347;251,755087892306;103,459221836842;296,686735168753;162,660359766536;28,9426459289298;4671;18;392;19;3;242;2
"CI300104";"D";"Comoe";0;"D4";"Aboisso";0;"D404";"Ayamé";28272;5632;478,011617123996;96,4826616400677;266,733185443403;122,939134697545;15,3125959845929;3891;50;1073;33;8;576;1
"CI300105";"D";"Comoe";0;"D4";"Aboisso";0;"D405";"Bianouan";49647;8165;545,183234434814;121,980103310813;250,724614235892;81,1843128711888;61,1525135196721;5787;20;1294;41;11;1012;0
"CI300106";"D";"Comoe";0;"D4";"Aboisso";0;"D406";"Kouakro";34685;6780;507,613587375042;128,730737746048;305,699137759474;150,540641899698;41,4119231179526;4438;128;1098;66;20;1025;5
"CI300107";"D";"Comoe";0;"D4";"Aboisso";0;"D407";"Maféré";46410;10134;678,88720001327;113,814353387787;293,430537541975;145,523896430237;26,6316691655623;8155;96;1143;72;21;642;5
"CI300108";"D";"Comoe";0;"D4";"Aboisso";0;"D408";"Yaou";22213;3749;942,105527584994;103,586586264279;256,928723993061;103,930306374572;34,3260514652763;2729;9;507;2;4;498;0
"CI300201";"D";"Comoe";0;"D5";"Adiaké";1;"D501";"Adiaké";50556;10651;433,876553572672;78,2134595890874;276,707643064502;158,382313810223;0;9520;49;228;121;8;724;1
"CI300202";"D";"Comoe";0;"D5";"Adiaké";0;"D502";"Assinie-Mafia";21941;5208;160,638540345633;74,9308576398616;279,908322465974;169,858523812334;13,4443636331081;4129;184;296;18;3;575;3
"CI300203";"D";"Comoe";0;"D5";"Adiaké";0;"D503";"Etuéboué";15510;2541;286,331676457104;95,2661678161266;294,955715337378;170,308022053413;18,3800169176606;1540;9;630;7;1;353;1
"CI300301";"D";"Comoe";0;"D6";"Grand-Bassam";0;"D601";"Bongo";24148;5614;281,079332616;57,7952304830178;244,707681025876;133,146842521777;38,9758850824052;4499;17;561;72;13;449;3
"CI300302";"D";"Comoe";0;"D6";"Grand-Bassam";0;"D602";"Bonoua";118388;27302;533,781814587684;52,8793141635998;256,663336094589;156,615803327177;24,7452774995526;25370;219;787;95;14;815;2
"CI300303";"D";"Comoe";0;"D6";"Grand-Bassam";1;"D603";"Grand-Bassam";124567;27232;127,979226808086;30,2377022662652;241,482842901885;163,056245849546;0;26021;86;567;84;20;438;16
"CI300402";"D";"Comoe";0;"D7";"Tiapoum";0;"D701";"Noé";24651;4335;383,828154953735;132,881355832592;320,867572906975;172,283390023547;21,9534799430975;3170;28;600;21;0;515;1
"CI300403";"D";"Comoe";0;"D7";"Tiapoum";0;"D702";"Nouamou";17403;2491;147,189433437119;122,455499036473;316,124210011914;175,796223207422;8,43974983565967;2346;2;48;33;1;61;0
"CI300401";"D";"Comoe";0;"D7";"Tiapoum";1;"D703";"Tiapoum";25887;4799;305,510015394313;120,517389635341;317,907240675553;181,989495954866;0;3943;8;407;65;9;367;0
"CI210101";"E";"Denguele";0;"E1";"Gbeleban";1;"E101";"Gbeleban";4507;797;310,26238415013;649,51824517104;435,757998218935;53,4236414490054;0;772;1;2;3;0;19;0
"CI210102";"E";"Denguele";0;"E1";"Gbeleban";0;"E102";"Samango";17219;2680;1139,81654850856;651,712287331325;437,895792362543;43,8960552439192;25,9807310997826;2342;1;40;7;0;290;0
"CI210103";"E";"Denguele";0;"E1";"Gbeleban";0;"E103";"Seydougou";7806;1013;477,883642865789;633,013780793001;419,195066877983;37,2738135297049;17,5714768620264;988;0;1;2;0;22;0
"CI210202";"E";"Denguele";0;"E2";"Madinani";0;"E201";"Fengolo";7462;693;487,43378028404;591,512135203112;382,869402349017;89,3738055471222;33,6393913689352;584;5;62;5;1;35;1
"CI210201";"E";"Denguele";0;"E2";"Madinani";1;"E202";"Madinani";32751;3558;1642,92983465679;571,695737896103;360,732806633968;69,4639600256182;0;3061;44;244;0;3;203;3
"CI210203";"E";"Denguele";0;"E2";"Madinani";0;"E203";"N'Goloblasso";10035;930;1047,53305653599;602,209116114931;390,961539151347;57,7072195679994;30,6413154235573;818;14;70;0;0;28;0
"CI210302";"E";"Denguele";0;"E3";"Odienne";0;"E301";"Bako";28373;3767;2021,84313602234;566,666760039361;352,866250039684;50,9838056749121;50,9838056749121;2849;61;181;16;6;652;2
"CI210303";"E";"Denguele";0;"E3";"Odienne";0;"E302";"Bougousso";10151;1066;450,597022750421;604,523973757511;390,783522538325;34,9308596558771;34,9308596558771;938;8;40;6;4;70;0
"CI210304";"E";"Denguele";0;"E3";"Odienne";0;"E303";"Dioulatiedougou";20285;3025;1589,07152126248;546,682539998989;332,882759153642;62,682825667584;62,682825667584;1195;13;841;4;35;936;1
"CI210301";"E";"Denguele";1;"E3";"Odienne";1;"E304";"Odienne";86279;20193;1632,25684094432;608,90037054235;395,203025447339;0;0;19620;91;110;46;28;294;4
"CI210305";"E";"Denguele";0;"E3";"Odienne";0;"E305";"Tiémé";11644;1986;428,634458666484;592,321695310456;379,253963825152;28,0530480443411;28,0530480443411;1844;48;20;6;0;68;0
"CI210402";"E";"Denguele";0;"E4";"Samatiguila";0;"E401";"Kimbirila Sud";11933;1686;597,127410285874;638,031717241821;424,603733240806;31,8360995291883;12,9732251427258;1584;4;15;7;3;69;4
"CI210401";"E";"Denguele";0;"E4";"Samatiguila";1;"E402";"Samatiguila";7777;1612;230,026158229688;642,685842423563;429,625644109025;41,861947994168;0;1460;29;52;12;6;52;1
"CI210502";"E";"Denguele";0;"E5";"Séguélon";0;"E501";"Gbongaha";12372;1772;1184,61745900955;533,40073943725;320,95852348375;82,4461960527615;34,3903402259822;1185;5;508;3;0;71;0
"CI210501";"E";"Denguele";0;"E5";"Séguélon";1;"E502";"Séguélon";21213;3338;1004,79024010622;566,64248406411;353,702417750828;48,9597663553488;0;2415;6;524;12;2;357;22
"CI100101";"E";"Denguele";0;"E6";"Kaniasso";0;"E601";"Goulia";27121;2331;1773,28219302885;628,889808913928;418,296864197589;71,6622816045878;35,691860812521;1760;4;373;4;0;189;1
"CI100102";"E";"Denguele";0;"E6";"Kaniasso";1;"E602";"Kaniasso";18639;2193;622,163118550456;633,010670490801;420,348531206236;41,8294881656899;0;1914;6;171;0;5;97;0
"CI100103";"E";"Denguele";0;"E6";"Kaniasso";0;"E603";"Mahandiana-Sokourani";38812;4035;1044,60637681113;625,219666543514;419,218153065803;118,324973718285;85,3161648518237;2756;25;996;32;4;218;4
"CI100202";"E";"Denguele";0;"E7";"Minignan";0;"E701";"Kimbirila-Nord";9415;1242;507,691456800635;682,952350756751;471,33682635811;93,7354950027543;50,8235895197612;765;0;220;49;16;191;1
"CI100201";"E";"Denguele";0;"E7";"Minignan";1;"E702";"Minignan";24251;4292;1172,56966282224;670,890712686521;457,384013695867;62,8470026823535;0;3529;6;374;15;6;362;0
"CI100203";"E";"Denguele";0;"E7";"Minignan";0;"E703";"Sokoro";8109;1586;619,945809286537;677,483844733141;464,629324290909;75,4894173251829;23,1584076487201;1138;2;158;5;5;278;0
"CI100204";"E";"Denguele";0;"E7";"Minignan";0;"E704";"Tienko";19862;2833;890,074560992596;658,59691580264;447,11194966625;76,3561772763187;51,5812371549577;2164;5;409;29;5;220;1
"CI130101";"F";"Goh-Djiboua";0;"F1";"Gagnoa";0;"F101";"Bayota";54139;9022;280,61131653532;249,268842150492;79,7673278069934;41,1023076887722;41,1023076887722;5729;76;1544;305;12;1355;1
"CI130102";"F";"Goh-Djiboua";0;"F1";"Gagnoa";0;"F102";"Dahiépa-Kéhi";20827;4261;206,124539417665;225,263603394979;79,4706794047549;25,579977570861;25,579977570861;3551;2;282;8;2;412;4
"CI130103";"F";"Goh-Djiboua";0;"F1";"Gagnoa";0;"F103";"Dignago";35712;6233;401,151528105364;273,492985811588;127,703624956908;40,7886993686393;40,7886993686393;4021;55;1056;129;17;952;3
"CI130104";"F";"Goh-Djiboua";0;"F1";"Gagnoa";0;"F104";"Dougroupalégnoa";58655;9609;288,42883657294;225,096621929563;110,290470242458;11,6019397746796;11,6019397746796;7439;19;1214;88;7;841;1
"CI130105";"F";"Goh-Djiboua";0;"F1";"Gagnoa";0;"F105";"Doukouyo";18867;2869;292,269814029223;226,842735343711;133,803533745076;34,2597158342474;34,2597158342474;1574;12;1045;15;4;217;2
"CI130106";"F";"Goh-Djiboua";1;"F1";"Gagnoa";1;"F106";"Gagnoa";277044;56063;893,818021268286;232,717357356321;104,988787736527;0;0;51456;188;1927;338;23;2090;41
"CI130107";"F";"Goh-Djiboua";0;"F1";"Gagnoa";0;"F107";"Galébouo";38550;7442;399,625659638744;259,53071944568;133,941590628421;32,3752591487361;32,3752591487361;5528;92;787;12;26;967;30
"CI130108";"F";"Goh-Djiboua";0;"F1";"Gagnoa";0;"F108";"Gnagbodougnoa";17196;3171;180,973209830785;214,673324051535;109,11010180477;20,9556737259956;20,9556737259956;2710;2;59;37;2;361;0
"CI130109";"F";"Goh-Djiboua";0;"F1";"Gagnoa";0;"F109";"Guiberoua";77669;14794;568,198306300733;259,102902451138;111,416814729214;27,4760295532488;27,4760295532488;8487;95;3015;201;18;2973;5
"CI130110";"F";"Goh-Djiboua";0;"F1";"Gagnoa";0;"F110";"Ouragahio";50150;9227;507,810536517284;243,429895177915;89,7850380350561;24,6845523120309;24,6845523120309;7138;13;975;207;2;883;9
"CI130111";"F";"Goh-Djiboua";0;"F1";"Gagnoa";0;"F111";"Sérihio";46320;7537;437,973485816906;244,5154859388;137,281994927361;32,4190075523037;32,4190075523037;2512;167;3543;45;17;1249;4
"CI130112";"F";"Goh-Djiboua";0;"F1";"Gagnoa";0;"F112";"Yopohue";29367;4865;238,408898346303;233,955566887053;68,0713606797596;40,8941581858646;40,8941581858646;3512;21;864;62;8;398;0
"CI130202";"F";"Goh-Djiboua";0;"F2";"Oumé";0;"F201";"Diégonéfla";74076;14809;443,326921831396;200,557748893608;66,2882031488385;45,9916902942997;27,2207547454641;11664;34;1059;140;10;1874;28
"CI130203";"F";"Goh-Djiboua";0;"F2";"Oumé";0;"F202";"Guépahouo";28007;4427;182,879478364314;224,463321292943;53,3315837282202;52,6645959153624;28,9223290125256;3225;6;422;94;9;668;3
"CI130201";"F";"Goh-Djiboua";0;"F2";"Oumé";1;"F203";"Oumé";127153;25028;1299,37414833393;198,501288874163;39,8522974719627;70,6281358484734;0;18440;143;2811;436;18;3148;32
"CI130204";"F";"Goh-Djiboua";0;"F2";"Oumé";0;"F204";"Tonla";31550;5192;300,243664180015;214,596099507877;62,0268100265101;43,3923909147711;28,1254386582881;3958;16;556;20;2;607;33
"CI220101";"F";"Goh-Djiboua";0;"F3";"Divo";0;"F301";"Chiépo";26330;3809;570,781823194611;125,857179298547;117,753234829107;106,888324545907;31,425705405315;898;46;2440;11;1;408;5
"CI220102";"F";"Goh-Djiboua";0;"F3";"Divo";0;"F302";"Didoko";34280;5510;261,272120284008;157,4260321701;83,845174868059;79,1490469646837;26,9552715283648;3420;27;1025;50;3;983;2
"CI220103";"F";"Goh-Djiboua";0;"F3";"Divo";1;"F303";"Divo";294559;54662;953,570540904443;157,004435746979;108,713477267936;76,1790815163264;0;45466;361;5247;325;16;3108;139
"CI220104";"F";"Goh-Djiboua";0;"F3";"Divo";0;"F304";"Hiré";78139;16619;435,09989242337;172,307394300655;67,2918826747152;71,4240821451257;41,4308251053011;14514;31;840;62;10;1153;9
"CI220105";"F";"Goh-Djiboua";0;"F3";"Divo";0;"F305";"Nébo";32516;5602;400,501811112827;174,922692129956;85,5803339749482;59,5226242862454;26,1043858895499;926;50;3197;74;2;1346;7
"CI220106";"F";"Goh-Djiboua";0;"F3";"Divo";0;"F306";"Ogoudou";72586;13042;533,935854549377;137,029466444621;97,5945447724577;97,8198454164374;30,5589178386424;8737;87;2569;170;13;1465;1
"CI220107";"F";"Goh-Djiboua";0;"F3";"Divo";0;"F307";"Zégo";33278;4421;384,602540260047;149,286245211058;77,2397061708558;93,7091114301525;42,4436872446284;2036;100;1267;344;4;670;0
"CI220202";"F";"Goh-Djiboua";0;"F4";"Guitry";0;"F401";"Dairo Didizo";59267;9164;623,204463607553;159,377462314338;133,90641800297;83,5420000713466;29,0417738334954;4411;65;2572;34;8;2072;2
"CI220201";"F";"Goh-Djiboua";0;"F4";"Guitry";1;"F402";"Guitry";79231;14257;911,112339802272;130,344120952556;139,218063303742;108,861700023975;0;8320;109;4031;332;10;1439;16
"CI220203";"F";"Goh-Djiboua";0;"F4";"Guitry";0;"F403";"Lauzoua";32024;5400;573,359550484384;144,71456888149;162,167870046994;113,472289831084;28,555631747235;455;183;3656;239;11;854;2
"CI220204";"F";"Goh-Djiboua";0;"F4";"Guitry";0;"F404";"Yocoboué";26713;4425;386,664516118634;124,25310876594;164,574663270106;128,425221374778;25,4201571135346;2575;51;1466;40;2;288;3
"CI220302";"F";"Goh-Djiboua";0;"F5";"Lakota";0;"F501";"Djidji";16114;2884;183,176565923438;206,016109421625;81,6608615500356;31,6341380774554;26,2650671648993;2493;2;226;18;0;142;3
"CI220304";"F";"Goh-Djiboua";0;"F5";"Lakota";0;"F502";"Kadéko";19959;3002;161,334038989159;191,599962098306;80,6235457564147;44,6138204868051;23,9259727392198;2339;4;323;7;1;325;3
"CI220303";"F";"Goh-Djiboua";0;"F5";"Lakota";0;"F503";"Goudouko";32677;6722;429,384727383538;181,858605685776;126,38601205809;60,91589284579;26,3294891893297;3912;102;1288;152;4;1225;39
"CI220301";"F";"Goh-Djiboua";0;"F5";"Lakota";1;"F504";"Lakota";169330;33968;1021,35383806116;194,690611409444;104,343031353152;39,0104633309619;0;26119;253;3863;254;54;3367;58
"CI220305";"F";"Goh-Djiboua";0;"F5";"Lakota";0;"F505";"Niambézaria";84303;14338;883,799720242624;207,828859765924;136,828505665096;49,1685479686978;33,2918950914165;7008;239;4933;217;15;1918;8
"CI220306";"F";"Goh-Djiboua";0;"F5";"Lakota";0;"F506";"Zikisso";11851;2260;110,256967248422;203,969222759568;89,553101004687;29,9014629929098;18,2109499002173;2050;5;122;2;0;79;2
"CI060101";"G";"Lacs";0;"G1";"Didievi";0;"G101";"Boli";14006;2313;304,944742943502;232,251904941282;76,4523534039082;67,9551890326398;19,9684046625001;1711;8;35;1;0;558;0
"CI060102";"G";"Lacs";0;"G1";"Didievi";1;"G102";"Didievi";26500;4867;444,545224031415;214,961409715908;61,9318288597936;49,497477025903;0;4119;4;94;11;6;628;5
"CI060103";"G";"Lacs";0;"G1";"Didievi";0;"G103";"Molonou-Blé";22431;3600;387,015282515828;249,543282644214;76,3724733152415;84,0537956158811;34,5915122204462;2837;4;123;13;2;619;2
"CI060104";"G";"Lacs";0;"G1";"Didievi";0;"G104";"Raviart";18339;2923;128,417091978264;256,121764021831;91,4674960315133;92,0575803855724;43,3916347354758;2141;2;80;2;3;695;0
"CI060105";"G";"Lacs";0;"G1";"Didievi";0;"G105";"Tie N'Diékro";12353;2158;445,784700370536;249,985747942256;95,403334765113;87,7322798644576;41,2979934617615;1393;3;84;3;0;675;0
"CI060201";"G";"Lacs";0;"G2";"Djekanou";0;"G201";"Bonikro";10337;2824;181,964968173233;171,09537394625;46,0423509165474;59,5384532438439;9,83067890959224;2310;6;118;6;2;377;5
"CI060202";"G";"Lacs";0;"G2";"Djekanou";1;"G202";"Djekanou";26944;5978;204,788923545486;170,764632632809;43,5165883637493;49,9514478887483;0;4183;18;515;71;0;1180;11
"CI060302";"G";"Lacs";0;"G3";"Tiébissou";0;"G301";"Lomokankro";14988;2578;421,752793835806;223,684487062787;44,1549126888579;59,4323321281264;19,3371743639818;1707;1;34;8;3;825;0
"CI060303";"G";"Lacs";0;"G3";"Tiébissou";0;"G302";"Molonou";23062;4647;680,767885979376;260,675477559822;49,5087113662021;103,366278246786;35,5635481659833;2880;103;502;2;2;1158;0
"CI060301";"G";"Lacs";0;"G3";"Tiébissou";1;"G303";"Tiébissou";65251;12465;937,836333169582;242,965094654788;52,2791551330328;78,6819599236354;0;10126;32;362;128;7;1776;34
"CI060304";"G";"Lacs";0;"G3";"Tiébissou";0;"G304";"Yakpabo-Sakassou";13020;2475;353,613312925039;204,882294543024;45,52090833327;40,3044679676585;38,4213057734788;1145;4;31;18;2;1241;34
"CI060402";"G";"Lacs";0;"G4";"Toumodi";0;"G401";"Angoda";11819;2222;246,123368920852;186,505050907663;33,3837460389483;36,2169925735043;14,7187493378628;2025;0;14;3;0;179;1
"CI060403";"G";"Lacs";0;"G4";"Toumodi";0;"G402";"Kokoumbo";34575;6764;449,417673031205;187,427056623832;29,5612686269702;61,9789870725646;27,1763418350497;5326;9;390;2;4;1030;3
"CI060404";"G";"Lacs";0;"G4";"Toumodi";0;"G403";"Kpouèbo";33388;6758;781,860087010489;146,294653931214;67,8864165434077;40,2641688403657;27,0840823314801;3862;87;608;10;8;2176;7
"CI060401";"G";"Lacs";0;"G4";"Toumodi";1;"G404";"Toumodi";88580;17809;867,603668503117;173,096216041926;42,4735684215762;35,0421925879963;0;16459;84;332;121;2;807;4
"CI190103";"G";"Lacs";0;"G5";"Daoukro";1;"G501";"Daoukro";101136;23632;866,61316412283;194,76286557495;152,6677989691;92,8079401782124;0;19226;55;895;45;23;3351;37
"CI190104";"G";"Lacs";0;"G5";"Daoukro";0;"G502";"Ettrokro";22963;3696;692,943728160399;217,154637642399;185,302327918572;127,321958992982;34,5980868064586;1617;21;898;32;6;1120;2
"CI190105";"G";"Lacs";0;"G5";"Daoukro";0;"G503";"N'Gattakro";11707;2800;234,662862277559;198,442873684026;179,54091624427;117,618723030433;27,3257058952539;1627;13;629;38;5;486;2
"CI190107";"G";"Lacs";0;"G5";"Daoukro";0;"G504";"Samanza";12290;2093;415,678259793731;232,855439619407;191,189956449931;136,733921306545;45,9047884419265;1422;8;170;46;3;444;0
"CI190202";"G";"Lacs";0;"G6";"M'Bahiakro";0;"G601";"Bonguéra";18301;2799;514,635478478735;269,192305162038;159,559153296568;129,376246698833;28,7613723488703;827;34;736;27;37;1133;5
"CI190203";"G";"Lacs";0;"G6";"M'Bahiakro";0;"G602";"Kondossou";10311;1901;459,609434204126;270,349419364877;145,472944700814;122,32633276349;28,6634956558021;94;24;600;4;4;1171;4
"CI190201";"G";"Lacs";0;"G6";"M'Bahiakro";1;"G603";"M'Bahiakro";49758;9904;1599,60705383133;242,535018378477;135,938425760611;100,866574511918;0;5982;54;968;97;19;2781;3
"CI190101";"G";"Lacs";0;"G7";"Ouellé";0;"G701";"Akpassanou";5693;1082;305,167683822883;229,274954744276;113,988878935257;80,156436489265;48,6595454314086;219;2;46;3;6;801;5
"CI190102";"G";"Lacs";0;"G7";"Ouellé";0;"G702";"Ananda";13166;2304;543,50335356094;220,056130158603;126,460881312655;82,4576117838139;29,8061585194911;1353;4;81;3;3;856;4
"CI190106";"G";"Lacs";0;"G7";"Ouellé";1;"G703";"Ouellé";37641;8675;736,195049140084;215,653869643832;152,566806125878;99,8719429692324;0;6019;27;277;60;4;2279;9
"CI190302";"G";"Lacs";0;"G8";"Prikro";0;"G801";"Anianou";7956;1032;264,372572248077;261,185326121124;194,206882656045;148,704303745602;25,1772218351113;257;3;122;1;1;632;16
"CI190303";"G";"Lacs";0;"G8";"Prikro";0;"G802";"Famienkro";17163;2372;571,561286606723;282,842207246193;187,401325526245;153,126558138645;21,8862918571979;1568;3;466;4;1;330;0
"CI190304";"G";"Lacs";0;"G8";"Prikro";0;"G803";"Koffi-Amonkro";12933;2165;361,808812682463;243,044796875057;174,414436233946;127,20845540785;21,9131864343788;1772;2;105;13;1;272;0
"CI190305";"G";"Lacs";0;"G8";"Prikro";0;"G804";"Nafana";13667;2179;535,26655022931;243,675562280178;192,810731340125;141,455865329744;38,7259644358898;984;1;349;2;9;834;0
"CI190301";"G";"Lacs";0;"G8";"Prikro";1;"G805";"Prikro";43875;7782;805,999694044591;260,957500315483;173,663045431173;134,200692401745;0;5245;20;596;15;12;1867;27
"CI270101";"G";"Lacs";0;"G9";"Bocanda";0;"G901";"Bengassou";24655;4078;357,547635962335;172,351514811315;94,3915034522431;31,1911533318727;27,7439058766983;1818;6;709;7;5;1531;2
"CI270102";"G";"Lacs";0;"G9";"Bocanda";1;"G902";"Bocanda";59242;10525;1319,88416438351;200,084765219069;91,5480225452731;47,0324003436263;0;6220;124;680;236;23;3239;3
"CI270103";"G";"Lacs";0;"G9";"Bocanda";0;"G903";"Kouadioblékro";20455;3226;454,396303877095;181,944747216123;118,841946849347;58,3429756510132;33,494878680574;1282;9;339;7;3;1581;5
"CI270104";"G";"Lacs";0;"G9";"Bocanda";0;"G904";"N'Zécrezessou";17118;3223;418,674445982829;196,82955506295;120,852719553449;66,5417551889467;30,0483918451798;2071;2;274;98;4;773;1
"CI270201";"G";"Lacs";0;"GA";"Dimbokro";0;"GA01";"Abigui";8665;1558;519,929003319651;183,174237750975;48,7662096607626;21,6049133332537;21,6049133332537;1059;25;17;4;0;444;9
"CI270202";"G";"Lacs";0;"GA";"Dimbokro";0;"GA02";"Diangokro";16135;4072;245,884498814973;171,719428199465;79,2690541541895;15,9384250893437;15,9384250893437;2966;2;131;36;0;937;0
"CI270203";"G";"Lacs";1;"GA";"Dimbokro";1;"GA03";"Dimbokro";70198;15377;438,259303239491;165,691746299654;69,1942719568541;0;0;14467;11;101;33;3;745;17
"CI270204";"G";"Lacs";0;"GA";"Dimbokro";0;"GA04";"Nofou";7194;1516;372,297756398137;191,021756584174;65,9891976039006;26,4519440613828;26,4519440613828;804;1;92;1;0;617;1
"CI270301";"G";"Lacs";0;"GB";"Kouassi-Kouassikro";1;"GB01";"Kouassi-Kouassikro";24421;3977;451,970377292931;234,818520860878;97,365583421471;76,2126672305666;0;2227;11;407;25;10;1281;16
"CI270302";"G";"Lacs";0;"GB";"Kouassi-Kouassikro";0;"GB02";"Mékro";6541;1073;247,571659734874;217,995440378568;87,0073715715349;58,7244491739998;17,5615336949496;537;29;32;0;0;475;0
"CI250101";"G";"Lacs";0;"GC";"Arrah";1;"GC01";"Arrah";45625;9762;707,93853776398;149,499680398194;154,424852865576;85,8190549117817;0;8653;43;348;120;3;593;2
"CI250102";"G";"Lacs";0;"GC";"Arrah";0;"GC02";"Kotobi";37595;7538;237,039911435169;152,034686501552;138,224702292631;69,867626474939;16,314928319096;5979;133;173;25;3;1224;1
"CI250103";"G";"Lacs";0;"GC";"Arrah";0;"GC03";"Krégbé";20626;3898;603,160261442364;172,940987983142;156,778951088379;91,2708314957735;23,4436954206886;3059;6;166;18;3;644;2
"CI250201";"G";"Lacs";0;"GD";"Bongouanou";0;"GD01";"Andé";58287;13387;324,908687386187;170,651902355102;132,855380149749;67,8901783366722;28,6458579565855;11231;55;168;165;13;1747;8
"CI250202";"G";"Lacs";0;"GD";"Bongouanou";0;"GD02";"Assié-Koumassi";21962;3338;238,508418605431;166,372878302447;116,959688282692;51,2436822395239;24,0292163865162;2784;9;72;66;1;378;28
"CI250203";"G";"Lacs";0;"GD";"Bongouanou";1;"GD03";"Bongouanou";74281;16585;587,336594455195;143,245995730135;127,574857781865;58,4482968975511;0;14783;34;284;60;44;1371;9
"CI250204";"G";"Lacs";0;"GD";"Bongouanou";0;"GD04";"N'Guessankro";38629;7130;472,347543965112;149,592804148744;109,05692628729;39,992685826435;18,5371800906449;6340;33;71;25;5;654;2
"CI250302";"G";"Lacs";0;"GE";"M'Batto";0;"GE01";"Anoumaba";22572;3925;320,129840201098;123,393802855423;102,66884945396;42,5984972325286;20,6962114545218;2548;10;437;179;20;726;5
"CI250303";"G";"Lacs";0;"GE";"M'Batto";0;"GE02";"Assahara";11495;1856;183,623245404151;155,249104943732;94,3057905533344;25,2740868564796;34,8239386619053;1651;3;44;1;4;153;0
"CI250301";"G";"Lacs";0;"GE";"M'Batto";1;"GE03";"M'Batto";76129;12338;985,156593719068;121,420162686576;118,915813560191;52,8487278089499;0;9796;15;546;98;4;1867;12
"CI250304";"G";"Lacs";0;"GE";"M'Batto";0;"GE04";"Tiémélékro";32554;6668;945,190352116469;141,684249894367;83,759685317109;24,1998693762532;35,6097143258918;5772;6;214;56;8;606;6
"CI150101";"H";"Lagunes";1;"H1";"Dabou";1;"H101";"Dabou";138083;29086;482,37231116817;41,9416337852881;185,069874894677;0;0;28207;77;192;121;3;469;17
"CI150102";"H";"Lagunes";0;"H1";"Dabou";0;"H102";"Lopou";35286;7491;393,205193260705;58,7991664832366;168,159336197096;18,4591233088055;18,4591233088055;5690;19;663;24;26;1059;10
"CI150103";"H";"Lagunes";0;"H1";"Dabou";0;"H103";"Toupah";40212;9205;588,477574302267;71,0875607898528;170,473242215883;29,2063404190099;29,2063404190099;7640;31;744;100;154;531;5
"CI150201";"H";"Lagunes";0;"H2";"Grand-Lahou";0;"H201";"Ahouanou";33939;5895;464,587606997324;90,3408083591224;154,451306757987;48,5407644270228;22,4341534936629;1481;33;3394;27;19;939;2
"CI150202";"H";"Lagunes";0;"H2";"Grand-Lahou";0;"H202";"Bacanda";22926;3648;325,257952214426;105,223254917824;128,910747375796;65,8226581769227;40,4284332753955;1660;18;1502;13;4;449;2
"CI150203";"H";"Lagunes";0;"H2";"Grand-Lahou";0;"H203";"Ebonou";18552;3543;399,54582191752;149,244938390795;178,624021501224;108,819985427108;46,4645222030682;244;174;1702;145;12;1265;1
"CI150204";"H";"Lagunes";0;"H2";"Grand-Lahou";1;"H204";"Grand-Lahou";77479;15533;1105,14535183222;105,107044520774;165,039118017299;63,6116796321725;0;10794;864;2001;179;57;1631;7
"CI150205";"H";"Lagunes";0;"H2";"Grand-Lahou";0;"H205";"Toukouzou";2935;648;34,2619604260198;96,5691831838214;186,037603453052;58,1067500912571;21,7704672331681;285;3;100;38;7;214;1
"CI150302";"H";"Lagunes";0;"H3";"Jacqueville";0;"H301";"Attoutou";30899;6784;122,206660707052;50,7791217060436;193,203516087931;16,3851159744471;13,5044483761358;4999;31;958;45;3;745;3
"CI150301";"H";"Lagunes";0;"H3";"Jacqueville";1;"H302";"Jacqueville";49694;11327;536,38192106948;64,2558140245661;188,692191485195;26,7445082915665;0;9482;149;397;115;19;1161;4
"CI030101";"H";"Lagunes";0;"H4";"Agboville";0;"H401";"Aboudé";28315;4129;317,307018964715;84,4167702789352;129,56716087452;58,7995776168171;34,9989232990363;2416;14;508;82;14;1013;82
"CI030103";"H";"Lagunes";0;"H4";"Agboville";0;"H402";"Ananguié";18311;2805;328,894127922422;92,3915240075534;124,084068497261;74,8824386868822;31,3177634300078;2115;35;336;42;8;260;9
"CI030102";"H";"Lagunes";0;"H4";"Agboville";1;"H403";"Agboville";135082;27333;874,052564661198;63,6756382672128;155,396010482096;57,5889467183751;0;25532;65;618;63;9;1039;7
"CI030104";"H";"Lagunes";0;"H4";"Agboville";0;"H404";"Attobrou";25972;4008;431,289441726931;89,705753801448;149,935085919867;90,6144485521777;33,1698805608744;2141;37;698;121;33;977;1
"CI030105";"H";"Lagunes";0;"H4";"Agboville";0;"H405";"Azaguié";38066;8761;351,737018540418;34,8890420402374;187,126760857401;49,3334215836144;32,0489506742196;7890;63;490;32;25;258;3
"CI030106";"H";"Lagunes";0;"H4";"Agboville";0;"H406";"Cechi";25967;3951;288,6049486149;104,851596459358;117,432937700677;90,8278561226278;41,3864464886379;2898;13;500;9;1;517;13
"CI030107";"H";"Lagunes";0;"H4";"Agboville";0;"H407";"Grand-Morié";25302;4026;172,707355572279;74,1429512207805;157,200986511385;75,6174312997379;19,3007717661015;2889;32;286;31;12;775;1
"CI030108";"H";"Lagunes";0;"H4";"Agboville";0;"H408";"Guessiguié";26167;4585;476,081654799554;46,522378195809;167,891642294196;37,821854296643;20,4955677776743;3559;27;421;120;11;446;1
"CI030109";"H";"Lagunes";0;"H4";"Agboville";0;"H409";"Loviguié";19771;3445;207,699846224773;64,820388238043;149,862644791403;49,720263192895;13,5223261168515;2983;8;123;66;1;264;0
"CI030110";"H";"Lagunes";0;"H4";"Agboville";0;"H410";"Oress-Krobou";8611;1277;118,296026854526;61,6973530037003;152,192523291932;40,589150872517;23,2875985318275;1157;2;29;6;1;82;0
"CI030111";"H";"Lagunes";0;"H4";"Agboville";0;"H411";"Rubino";32775;5811;508,553839717225;89,6973161598779;134,905240147678;80,9466667680724;26,1923095168385;3659;47;1407;28;0;669;1
"CI030202";"H";"Lagunes";0;"H5";"Sikensi";0;"H501";"Gomon";34865;5795;322,195251626826;63,0775544075191;152,549623246335;34,6536215400557;14,3679311681449;3441;59;1429;194;21;751;0
"CI030201";"H";"Lagunes";0;"H5";"Sikensi";1;"H502";"Sikensi";91032;16715;442,980176727882;72,0427696794044;148,860291735568;36,3756544492367;0;14481;46;775;161;12;1232;8
"CI030302";"H";"Lagunes";0;"H6";"Taabo";0;"H601";"Pacobo";19572;4269;358,002473588373;130,906120564576;83,9129041475245;101,251138398273;24,2890332803526;2482;104;769;12;1;898;3
"CI030301";"H";"Lagunes";0;"H6";"Taabo";1;"H602";"Taabo";57189;10485;574,445990632263;152,788974115168;66,8317014863389;120,225599331586;0;7638;43;1245;62;11;1444;42
"CI030402";"H";"Lagunes";0;"H7";"Tiassalé";0;"H701";"Gbolouville";42476;6430;482,287323457866;89,5152978937312;133,376617260921;53,1657764245885;29,7417681670728;3595;43;1635;43;6;1100;8
"CI030403";"H";"Lagunes";0;"H7";"Tiassalé";0;"H702";"Morokro";55636;8158;940,141499467963;111,803097271681;102,247039705606;87,1805507709176;32,0773813775556;3551;103;2151;102;90;2142;19
"CI030404";"H";"Lagunes";0;"H7";"Tiassalé";0;"H703";"N'Douci";97194;17644;303,173005188771;99,9290030224774;117,131130826631;67,9432377621069;17,8282691421703;13291;373;2150;208;10;1604;8
"CI030401";"H";"Lagunes";0;"H7";"Tiassalé";1;"H704";"Tiassalé";83648;19135;648,753840439951;116,897566973267;103,917123366734;82,6723938978244;0;14262;43;2159;160;15;2470;26
"CI240101";"H";"Lagunes";0;"H8";"Adzopé";1;"H801";"Adzopé";156488;25668;1026,99092322009;100,786796761161;179,179783071548;115,024279689723;0;23649;49;447;160;17;1334;12
"CI240102";"H";"Lagunes";0;"H8";"Adzopé";0;"H802";"Agou";31091;4555;346,892652681901;72,3010749849539;172,160361743483;82,8452939590107;32,2082782003576;4227;1;24;64;5;234;0
"CI240103";"H";"Lagunes";0;"H8";"Adzopé";0;"H803";"Annepé";25367;2721;189,564341016691;69,5496088916542;193,20904737095;90,575475809415;32,8933934231182;2494;21;89;28;1;87;1
"CI240104";"H";"Lagunes";0;"H8";"Adzopé";0;"H804";"Assikoi";20899;2566;214,472582919479;75,3772777824344;186,727874447631;93,3069522327215;25,7168233400991;2306;91;53;62;5;49;0
"CI240105";"H";"Lagunes";0;"H8";"Adzopé";0;"H805";"Bécédi-Brignan";22614;2750;149,536467801256;60,0673002050225;173,482391293605;69,5186847592129;45,519689089417;2394;29;105;22;0;198;2
"CI240106";"H";"Lagunes";0;"H8";"Adzopé";0;"H806";"Yakassé-Mé";27268;3668;132,416942425189;53,6061274105066;183,716755347552;69,2303917261123;48,0022881246778;3419;13;67;24;2;143;0
"CI240201";"H";"Lagunes";0;"H9";"Akoupé";0;"H901";"Afféry";47109;7391;652,828637140638;109,620478243354;149,725305444182;112,866058506537;20,8353568755462;6081;19;320;10;3;958;0
"CI240202";"H";"Lagunes";0;"H9";"Akoupé";1;"H902";"Akoupé";79065;11500;701,18125812579;122,350908803571;162,95317847452;130,506281698414;0;10408;31;198;45;7;810;1
"CI240203";"H";"Lagunes";0;"H9";"Akoupé";0;"H903";"Bécouéfin";30525;5066;334,880874712873;136,329481465757;173,852122662089;147,201354630486;17,8880867049302;4332;42;148;43;3;494;4
"CI240301";"H";"Lagunes";0;"HA";"Alépé";0;"HA01";"Aboisso-Comoé";33471;4074;231,946858671939;77,3782749756742;241,19559449562;113,911425083051;36,4980439822512;2282;30;1488;18;5;249;2
"CI240302";"H";"Lagunes";0;"HA";"Alépé";1;"HA02";"Alépé";60468;11141;529,193732005176;40,968412722814;223,724596114305;78,1776698160313;0;10114;41;359;40;13;569;5
"CI240303";"H";"Lagunes";0;"HA";"Alépé";0;"HA03";"Allosso";13860;2195;186,751451575064;61,4014900489732;235,355381410323;98,8333593374779;20,7752195564852;598;4;751;60;3;779;0
"CI240304";"H";"Lagunes";0;"HA";"Alépé";0;"HA04";"Danguira";55413;8351;1500,6120805607;56,1968963906724;210,943575350459;86,0678568516196;22,0921030328059;5685;64;994;161;13;1430;4
"CI240305";"H";"Lagunes";0;"HA";"Alépé";0;"HA05";"Oghlwapo";17041;3154;427,367005395743;38,2408960508864;238,363806038413;79,7770057202234;18,9221800639954;2829;18;97;82;2;123;3
"CI240402";"H";"Lagunes";0;"HB";"Yakassé-Attobrou";0;"HB01";"Abongoua";17497;2208;184,58370949682;117,066291271214;203,200583957697;137,881580800958;14,9593481119113;1592;2;230;2;2;377;3
"CI240403";"H";"Lagunes";0;"HB";"Yakassé-Attobrou";0;"HB02";"Biéby";24178;3037;642,588095434616;84,8580732587694;209,931222126483;111,057923706331;19,5423286266775;1787;437;288;14;19;492;0
"CI240401";"H";"Lagunes";0;"HB";"Yakassé-Attobrou";1;"HB03";"Yakassé-Attobrou";64311;7999;626,975162663043;102,876201529591;205,313761565243;125,716195335941;0;6579;36;717;124;17;526;0
"CI320101";"I";"Montagnes";0;"I1";"Biankouma";1;"I101";"Biankouma";71470;14505;655,748152140069;484,055340916323;282,091998274697;35,0447408822299;0;10931;53;774;100;52;2592;3
"CI320102";"I";"Montagnes";0;"I1";"Biankouma";0;"I102";"Blapleu";25371;5150;179,605138675275;482,629216674396;284,063297485064;25,4704468756965;16,7750081656154;1736;58;2168;25;28;1128;7
"CI320103";"I";"Montagnes";0;"I1";"Biankouma";0;"I103";"Gbangbégouiné";4132;1256;73,7500794545734;464,159175767399;261,525586286288;29,1080681942205;20,6199746152752;278;9;397;24;0;548;0
"CI320104";"I";"Montagnes";0;"I1";"Biankouma";0;"I104";"Gbonné";54809;10246;972,646029821849;445,377091805547;240,774360411704;41,9243445297274;42,5000054832647;1597;57;6065;109;38;2378;2
"CI320105";"I";"Montagnes";0;"I1";"Biankouma";0;"I105";"Gouiné";21835;4582;1377,88315364915;467,925958977432;259,96818417132;60,307724092712;40,5736122847624;19;21;2254;34;135;2080;39
"CI320106";"I";"Montagnes";0;"I1";"Biankouma";0;"I106";"Kpata";9278;2127;154,946668960226;472,378944056759;268,394432634015;37,8676829331021;16,7627447599935;646;39;502;17;11;908;4
"CI320107";"I";"Montagnes";0;"I1";"Biankouma";0;"I107";"Santa";51819;10161;499,861946996381;497,393645621491;300,470617250116;39,1545785677057;29,4474183498033;813;64;5652;75;27;3529;1
"CI320201";"I";"Montagnes";0;"I2";"Danané";0;"I201";"Daleu";56653;10998;801,458867262028;513,083601701452;318,54739332704;56,5121449756187;31,7806807151801;489;71;4671;329;80;5351;7
"CI320202";"I";"Montagnes";0;"I2";"Danané";1;"I202";"Danané";131586;26004;685,802626048752;506,210903274848;319,242267544147;64,3798672675334;0;16518;72;2417;342;46;6559;50
"CI320203";"I";"Montagnes";0;"I2";"Danané";0;"I203";"Gbon-Houyé";19090;3522;258,2244944013;537,322734908355;348,089436036361;88,159533323726;31,597700560986;736;12;685;158;9;1913;9
"CI320204";"I";"Montagnes";0;"I2";"Danané";0;"I204";"Kouan-Houlé";36769;7056;518,331050349138;525,78863691985;336,142098307375;76,378060724926;21,3461835495426;1901;28;1356;64;14;3688;5
"CI320205";"I";"Montagnes";0;"I2";"Danané";0;"I205";"Mahapleu";66898;13396;466,241659943002;484,161345421845;296,988651597052;46,3790063724494;22,3627029008127;4403;119;4308;126;23;4415;2
"CI320206";"I";"Montagnes";0;"I2";"Danané";0;"I206";"Seileu";23525;4083;163,434819987562;503,220523494518;321,176229738543;74,9827968349605;18,3182012015721;1925;22;398;12;21;1703;2
"CI320207";"I";"Montagnes";0;"I2";"Danané";0;"I207";"Zonneu";29491;5137;312,304845899282;484,616511814564;301,534477160049;59,0428042245196;24,3993898608222;34;19;2451;163;23;2446;1
"CI320302";"I";"Montagnes";0;"I3";"Man";0;"I301";"Bogouiné";21096;4021;177,407801043275;449,274294822616;258,358153232424;21,0971382298214;21,0971382298214;2652;26;399;10;7;925;2
"CI320303";"I";"Montagnes";0;"I3";"Man";0;"I302";"Fagnampleu";3149;707;53,7541781585588;446,531583965619;248,240760000162;15,4090107296848;15,4090107296848;550;0;15;0;0;141;1
"CI320304";"I";"Montagnes";0;"I3";"Man";0;"I303";"Gbangbegouiné-Yati";25660;4960;324,36409988583;465,928438755165;271,82389558157;12,2468337740788;12,2468337740788;3386;24;517;104;5;924;0
"CI320305";"I";"Montagnes";0;"I3";"Man";0;"I304";"Logoualé";32854;6352;201,31019791261;439,475587434359;251,697646099589;33,9260966141421;33,9260966141421;4484;90;877;31;10;857;3
"CI320301";"I";"Montagnes";1;"I3";"Man";1;"I305";"Man";241969;49052;473,213959222643;458,267505457338;262,039850276642;0;0;46681;176;595;184;11;1392;13
"CI320306";"I";"Montagnes";0;"I3";"Man";0;"I306";"Podiagouiné";32607;6319;228,450348111718;463,074812179809;277,65015012195;40,9903632172972;40,9903632172972;2923;14;1116;71;62;2124;9
"CI320307";"I";"Montagnes";0;"I3";"Man";0;"I307";"Sandougou-Soba";7347;1860;183,584631603745;461,291592070586;260,89498974984;18,1130486835515;18,1130486835515;415;3;377;114;1;950;0
"CI320308";"I";"Montagnes";0;"I3";"Man";0;"I308";"Sangouiné";63521;12048;673,249651807702;477,873575247324;285,682604018461;27,1234839409627;27,1234839409627;4937;58;4833;107;10;2036;67
"CI320309";"I";"Montagnes";0;"I3";"Man";0;"I309";"Yapleu";11145;2000;106,297463780636;452,944479109821;268,307293320839;41,6661006945253;41,6661006945253;1387;11;338;5;1;257;1
"CI320310";"I";"Montagnes";0;"I3";"Man";0;"I310";"Zagoué";5822;1497;59,8502509169594;454,03409988376;255,606534381221;10,6272490518716;10,6272490518716;1179;1;59;57;1;200;0
"CI320311";"I";"Montagnes";0;"I3";"Man";0;"I311";"Ziogouiné";15966;2880;159,29653136916;450,222459183081;262,148050535793;30,3376574034815;30,3376574034815;1843;7;327;5;3;694;1
"CI320401";"I";"Montagnes";0;"I4";"Sipilou";1;"I401";"Sipilou";41516;7826;562,338513539328;526,132719536527;324,508321876583;70,5251197706887;0;2551;97;2132;9;23;3012;2
"CI320402";"I";"Montagnes";0;"I4";"Sipilou";0;"I402";"Yorodougou";31593;6935;532,549372755018;508,910163206898;307,029386340673;55,0780686867483;17,4790957928118;1967;136;2684;296;68;1783;1
"CI320502";"I";"Montagnes";0;"I5";"Zouan-Hounien";0;"I501";"Banneu";20393;3271;126,013188569072;506,631458636367;327,309778212455;85,0320285367009;19,2041796726108;708;67;897;31;6;1562;0
"CI320503";"I";"Montagnes";0;"I5";"Zouan-Hounien";0;"I502";"Bin-Houyé";30796;5080;215,367198144048;495,510702950514;325,6700288364;104,216294217518;14,3279967863058;2580;27;466;64;5;1916;22
"CI320504";"I";"Montagnes";0;"I5";"Zouan-Hounien";0;"I503";"Goulaleu";30250;4961;262,843456137274;499,300851082457;333,483777851985;117,604061885066;27,7880646772029;1527;25;1011;61;35;2302;0
"CI320505";"I";"Montagnes";0;"I5";"Zouan-Hounien";0;"I504";"Téapleu";42814;7351;182,101274432219;493,015714037017;313,58861853159;75,2491406715839;17,4747322502521;4240;13;547;21;11;2518;1
"CI320506";"I";"Montagnes";0;"I5";"Zouan-Hounien";0;"I505";"Yelleu";15586;2516;150,224304050705;482,928658760166;304,996776369144;73,6344200391787;18,2407643383037;889;29;298;19;4;1277;0
"CI320501";"I";"Montagnes";0;"I5";"Zouan-Hounien";1;"I506";"Zouan-Hounien";111099;20792;442,910894132004;494,936708624419;320,636424470347;91,2616538082748;0;11747;101;2269;313;32;6314;16
"CI090101";"I";"Montagnes";0;"I6";"Bloléquin";1;"I601";"Bloléquin";123133;24448;1672,33464877962;463,433377738659;296,011269912344;95,846954934573;0;6059;400;11451;165;63;6304;6
"CI090102";"I";"Montagnes";0;"I6";"Bloléquin";0;"I602";"Diboké";24758;5467;298,303768384121;469,608715830644;314,453708492065;131,122507770682;35,2801242824327;273;256;3585;9;15;1324;5
"CI090103";"I";"Montagnes";0;"I6";"Bloléquin";0;"I603";"Doké";35677;7767;306,89093357666;480,707051063605;315,383868971188;108,836614291882;19,5384456084666;1977;38;2706;86;8;2948;4
"CI090104";"I";"Montagnes";0;"I6";"Bloléquin";0;"I604";"Tinhou";22744;4769;208,165979698348;480,19144988685;323,577372909201;132,047606211909;37,2063364911859;374;28;2805;1;22;1513;26
"CI090105";"I";"Montagnes";0;"I6";"Bloléquin";0;"I605";"Zéaglo";31631;6559;507,945032280893;444,890082819716;283,241851528173;106,523618173982;22,1111798002629;1354;37;3570;1;28;1568;1
"CI090202";"I";"Montagnes";0;"I7";"Guiglo";0;"I701";"Bédi-Gaozon";26618;5286;413,530765554366;440,831984071795;271,112655306929;84,6899754939336;36,7311362761652;440;50;3106;6;9;1674;1
"CI090201";"I";"Montagnes";0;"I7";"Guiglo";1;"I702";"Guiglo";171454;31791;1936,66598080741;413,551822766448;256,002512994941;114,319962731497;0;16801;198;10689;299;29;3769;6
"CI090203";"I";"Montagnes";0;"I7";"Guiglo";0;"I703";"Kaadé";39413;7015;567,519095412805;430,396437767284;260,800569547223;84,8656985682227;30,9421910722162;825;49;4194;191;29;1726;1
"CI090204";"I";"Montagnes";0;"I7";"Guiglo";0;"I704";"Nizahon";21897;3237;372,970495468361;391,92499320234;235,833308847554;120,373955724656;21,7101864209707;1058;15;1902;7;2;247;6
"CI090301";"I";"Montagnes";0;"I8";"Taï";1;"I801";"Taï";42909;9238;2103,62446516919;364,524607779452;237,232987469687;175,678924928547;0;3949;81;4006;54;10;1123;15
"CI090302";"I";"Montagnes";0;"I8";"Taï";0;"I802";"Zagné";74478;15876;2130,19162567901;396,173431199085;253,785390643374;146,659479765726;37,3982989426918;5188;777;8119;43;18;1648;83
"CI090402";"I";"Montagnes";0;"I9";"Toulepleu";0;"I901";"Bakoubly";7186;1537;93,9339568432939;502,731631211707;343,425095075619;137,15893188354;9,60457634552725;801;0;121;4;1;609;1
"CI090403";"I";"Montagnes";0;"I9";"Toulepleu";0;"I902";"Méo";22012;4719;272,417410370971;492,487853580409;335,31089351105;136,888321480073;18,5868765815043;588;37;3028;6;8;1052;0
"CI090404";"I";"Montagnes";0;"I9";"Toulepleu";0;"I903";"Nézobly";9300;1130;63,4017583582346;513,000713445914;350,728599651236;135,772311118939;8,07800145921;235;6;273;1;1;614;0
"CI090405";"I";"Montagnes";0;"I9";"Toulepleu";0;"I904";"Péhé";17609;3227;140,623076237846;488,655349388009;326,730392297151;122,159945601362;16,5912198622246;1485;3;446;94;3;1196;0
"CI090406";"I";"Montagnes";0;"I9";"Toulepleu";0;"I905";"Tiobly";9742;1807;132,201959524697;514,020163858459;354,825544550039;144,537127568944;14,6141265064941;711;6;423;116;5;546;0
"CI090401";"I";"Montagnes";0;"I9";"Toulepleu";1;"I906";"Toulepleu";27680;5671;109,721756707134;505,214980693997;342,666686992266;130,05681328682;0;3628;25;729;53;2;1215;19
"CI160101";"I";"Montagnes";0;"IA";"Bangolo";1;"IA01";"Bangolo";56415;12169;356,88312874462;426,114705822427;241,923748108523;49,0668627371661;0;7327;58;1653;29;12;3085;5
"CI160102";"I";"Montagnes";0;"IA";"Bangolo";0;"IA02";"Béoué-Zibiao";18297;3585;147,303703026017;422,94955580263;232,270329782314;38,5142252172445;21,0424995554623;558;37;1447;82;6;1453;2
"CI160103";"I";"Montagnes";0;"IA";"Bangolo";0;"IA03";"Bléniméouin";18593;2754;228,009879586289;400,975615789065;208,529471372668;57,5461694572389;38,7329009978227;97;15;1911;26;5;700;0
"CI160104";"I";"Montagnes";0;"IA";"Bangolo";0;"IA04";"Diéouzon";18316;3472;119,502088175513;415,609213107335;223,820743896291;43,8742591170067;27,4997585013089;1778;14;897;7;7;769;0
"CI160105";"I";"Montagnes";0;"IA";"Bangolo";0;"IA05";"Gohouo-Zagna";15564;2290;173,530996092146;412,933009677714;225,983950761164;52,0581050629721;16,8621463422983;868;12;804;36;3;499;68
"CI160106";"I";"Montagnes";0;"IA";"Bangolo";0;"IA06";"Guinglo-Tahouaké";17999;3268;378,982712019034;395,632746966134;207,141593385397;64,9231536423202;35,3865424582872;17;12;2099;36;5;1093;6
"CI160107";"I";"Montagnes";0;"IA";"Bangolo";0;"IA07";"Kahin-Zarabaon";59759;10211;295,232880740547;446,154112503451;267,381787092622;59,5134679092339;28,0620432117602;1935;65;6662;30;16;1466;37
"CI160108";"I";"Montagnes";0;"IA";"Bangolo";0;"IA08";"Zéo";12822;2641;74,340193005851;429,521288885324;240,828805309585;36,9935276323151;13,8628888513117;653;20;675;1;4;1285;3
"CI160109";"I";"Montagnes";0;"IA";"Bangolo";0;"IA09";"Zou";52864;8820;445,994343585617;457,349700384137;275,847671633856;52,3861886943436;34,0272992108116;1670;54;5325;103;11;1587;70
"CI160201";"I";"Montagnes";0;"IB";"Duékoué";0;"IB01";"Bagohouo";30001;4921;471,486045361089;390,094565597328;207,627724533683;75,9755939787882;30,1068522259223;13;43;3329;2;4;1530;0
"CI160202";"I";"Montagnes";0;"IB";"Duékoué";1;"IB02";"Duékoué";220953;43377;830,952221625243;405,566234746018;231,993098727286;81,4826261040262;0;28759;251;9292;286;71;4703;15
"CI160203";"I";"Montagnes";0;"IB";"Duékoué";0;"IB03";"Gbapleu";60833;9211;503,571608079207;375,211166921626;209,644484912044;109,947518652215;32,487177521819;2556;67;4873;25;13;1674;3
"CI160204";"I";"Montagnes";0;"IB";"Duékoué";0;"IB04";"Guéhiébly";52689;8583;383,506678765408;418,44515931488;238,261669660092;61,8305977402749;19,7067173212121;2649;63;3782;76;8;1993;12
"CI160205";"I";"Montagnes";0;"IB";"Duékoué";0;"IB05";"Guézon";56435;9198;726,945696091581;375,28040801581;200,007007481645;96,0901942048854;32,1183679371025;4740;39;2506;63;36;1814;0
"CI160301";"I";"Montagnes";0;"IC";"Facobly";1;"IC01";"Facobly";27352;5052;127,927081585973;437,22366678686;239,249372681486;23,1842382272052;0;4020;16;239;48;7;704;18
"CI160302";"I";"Montagnes";0;"IC";"Facobly";0;"IC02";"Guézon";10208;1790;199,610907129778;429,235515006272;230,01439507518;33,0693025189301;10,0210276166443;986;7;391;10;5;390;1
"CI160303";"I";"Montagnes";0;"IC";"Facobly";0;"IC03";"Koua";11892;2017;153,345963806748;433,484792181614;230,419755613376;41,097632449284;22,8730839912124;702;9;501;9;3;793;0
"CI160304";"I";"Montagnes";0;"IC";"Facobly";0;"IC04";"Sémien";35636;5440;503,503051655095;422,622864650596;217,834828092791;55,1622690943584;34,9796863452516;1270;57;2362;97;6;1644;4
"CI160305";"I";"Montagnes";0;"IC";"Facobly";0;"IC05";"Tiény-Séably";9522;1816;67,2858714686624;440,385748280053;244,430956871955;17,9216860789513;8,94771864218406;1554;0;39;0;6;216;1
"CI160401";"I";"Montagnes";0;"ID";"Kouibly";1;"ID01";"Kouibly";49047;7619;246,441058236554;416,324685974586;221,105838348318;41,9812447610031;0;4025;40;2181;168;15;1174;16
"CI160402";"I";"Montagnes";0;"ID";"Kouibly";0;"ID02";"Nidrou";12953;2927;109,218461842643;438,845151593977;245,319996088713;20,9596177517165;24,3528127080585;1578;30;589;9;7;714;0
"CI160403";"I";"Montagnes";0;"ID";"Kouibly";0;"ID03";"Ouyably-Gnondrou";61786;8616;513,537204632516;411,944163026284;212,884710695522;49,3981513795988;15,2915724354338;185;107;6790;59;29;1443;3
"CI160404";"I";"Montagnes";0;"ID";"Kouibly";0;"ID04";"Totrodrou";20936;4125;154,81943697312;430,811843487236;237,564546063713;28,5028881652846;17,0752826791809;1438;30;1687;11;5;950;4
"CI180101";"J";"Sassandra-Marahoue";0;"J1";"Daloa";0;"J101";"Bédiala";84474;12125;1119,05838552915;316,659883715642;110,36310439807;34,5559610065221;34,5559610065221;7284;47;2584;140;34;2036;0
"CI180102";"J";"Sassandra-Marahoue";1;"J1";"Daloa";1;"J102";"Daloa";421879;80584;1082,11475336893;314,425213432096;121,511251039973;0;0;67831;411;6775;547;73;4903;44
"CI180103";"J";"Sassandra-Marahoue";0;"J1";"Daloa";0;"J103";"Gadouan";62056;9546;419,628530435145;285,145267035503;99,6070630713729;29,8209853029983;29,8209853029983;5074;110;2660;115;18;1551;18
"CI180104";"J";"Sassandra-Marahoue";0;"J1";"Daloa";0;"J104";"Gboguhé";69020;11154;777,164918339561;328,778339380653;142,214553628822;22,4006697522012;22,4006697522012;6456;37;2256;66;17;2320;2
"CI180105";"J";"Sassandra-Marahoue";0;"J1";"Daloa";0;"J105";"Gonaté";44611;7198;158,944565079208;304,470370088392;105,617828242053;18,5803041227886;18,5803041227886;4326;74;1433;33;11;1316;5
"CI180106";"J";"Sassandra-Marahoue";0;"J1";"Daloa";0;"J106";"Zaibo";23338;3632;281,222270232875;347,648886212267;152,970448989248;33,3586321864255;33,3586321864255;1286;16;1782;44;4;497;3
"CI180202";"J";"Sassandra-Marahoue";0;"J2";"Issia";0;"J201";"Boguédia";26336;4466;290,081759935248;310,680506423997;132,844714006714;28,6624939828372;17,3595856975645;3337;58;473;64;8;522;4
"CI180203";"J";"Sassandra-Marahoue";0;"J2";"Issia";0;"J202";"Iboguhé";56481;9181;669,984188945036;342,299087598987;174,106309495196;63,5027118868742;30,8117410627225;3750;110;3572;137;12;1590;10
"CI180201";"J";"Sassandra-Marahoue";0;"J2";"Issia";1;"J203";"Issia";126252;23248;563,267317576207;312,87707673916;144,548775769589;45,8378709760534;0;18598;89;2064;230;47;2171;49
"CI180204";"J";"Sassandra-Marahoue";0;"J2";"Issia";0;"J204";"Nahio";22943;4223;159,6428009906;272,052691608007;110,9753660851;57,0134483750319;41,0798878857942;2636;36;916;30;12;591;2
"CI180205";"J";"Sassandra-Marahoue";0;"J2";"Issia";0;"J205";"Namané";44527;7486;602,462796782103;323,676255795215;165,338635192396;67,6415902694785;23,1166964561639;29;85;6251;31;10;1076;4
"CI180206";"J";"Sassandra-Marahoue";0;"J2";"Issia";0;"J206";"Saïoua";100085;17517;840,795981740313;283,087574069501;111,705276968553;42,1321931212153;33,5369446534472;9726;120;4394;238;25;3001;13
"CI180207";"J";"Sassandra-Marahoue";0;"J2";"Issia";0;"J207";"Tapéguia";34004;5666;354,689088090417;293,432512083207;136,022657274464;58,5634521561226;22,0105190250358;3792;26;1010;104;30;701;3
"CI180302";"J";"Sassandra-Marahoue";0;"J3";"Vavoua";0;"J301";"Bazra-Nattis";67048;8326;918,02274016814;388,423441722932;177,332997600368;91,7642190722103;42,4867092092806;2007;261;3828;283;70;1814;63
"CI180303";"J";"Sassandra-Marahoue";0;"J3";"Vavoua";0;"J302";"Dananon";36746;4679;967,562284938704;362,351782100681;149,347357920198;84,4961868655556;39,3797061145642;1164;80;2500;11;16;908;0
"CI180304";"J";"Sassandra-Marahoue";0;"J3";"Vavoua";0;"J303";"Dania";106612;14938;1455,98517675506;380,795401176003;182,136592516252;66,4252422561875;45,1366436136161;885;349;10922;96;31;2597;58
"CI180305";"J";"Sassandra-Marahoue";0;"J3";"Vavoua";0;"J304";"Kétro-Bassam";24968;3062;348,759127318667;356,00271423222;154,009920244266;44,6322889068725;19,10365657043;68;21;1616;12;12;1331;2
"CI180306";"J";"Sassandra-Marahoue";0;"J3";"Vavoua";0;"J305";"Seitifla";109252;14250;1965,51384587821;395,693919623737;188,299927947975;87,9564761142848;44,687288622011;435;145;10361;66;38;3196;9
"CI180301";"J";"Sassandra-Marahoue";0;"J3";"Vavoua";1;"J306";"Vavoua";132528;21222;691,567012580361;351,050190637485;144,267950339073;49,5980321173574;0;14174;199;4117;91;35;2591;15
"CI180402";"J";"Sassandra-Marahoue";0;"J4";"Zoukougbeu";0;"J401";"Domangbeu";18183;2750;409,926419816163;373,909820584338;185,440714749629;64,0112764693553;19,4360328173341;15;150;2182;11;11;377;4
"CI180403";"J";"Sassandra-Marahoue";0;"J4";"Zoukougbeu";0;"J402";"Grégbeu";26505;4702;263,956268405329;344,322084213807;157,828677772161;36,7616774484418;11,2173008467161;2150;22;1338;97;63;1024;8
"CI180404";"J";"Sassandra-Marahoue";0;"J4";"Zoukougbeu";0;"J403";"Guéssabo";41931;7099;327,537051739043;353,980918932511;176,243621452098;58,0009199954959;17,7512815107483;3832;49;1810;20;47;1333;8
"CI180401";"J";"Sassandra-Marahoue";0;"J4";"Zoukougbeu";1;"J404";"Zoukougbeu";59918;10448;590,183989733181;354,704683932402;169,028002725973;47,8158249698119;0;5987;164;1932;93;21;2217;34
"CI230102";"J";"Sassandra-Marahoue";0;"J5";"Bonon";1;"J501";"Bonon";116871;18735;973,14837119753;288,028363595875;84,2649484624453;40,5790787479132;0;10172;557;5100;63;101;2728;14
"CI230107";"J";"Sassandra-Marahoue";0;"J5";"Bonon";0;"J502";"Zaguiéta";50525;6731;460,480437065656;273,06067743025;79,2235293351954;43,4583143480704;21,8924741282288;4062;95;911;102;25;1536;0
"CI230101";"J";"Sassandra-Marahoue";0;"J6";"Bouaflé";0;"J601";"Bégbéssou";24476;5519;252,464714067898;256,945545614985;43,1413605261747;96,2918884693024;20,2622600115769;3465;28;739;28;9;1248;2
"CI230103";"J";"Sassandra-Marahoue";0;"J6";"Bouaflé";1;"J602";"Bouaflé";213967;45210;1255,14543446245;257,694135703086;46,801224857744;79,0965048700946;0;33511;457;4692;584;54;5845;67
"CI230104";"J";"Sassandra-Marahoue";0;"J6";"Bouaflé";0;"J603";"N'Douffoukankro";20025;3575;219,115947961854;263,973083375733;60,4881516597035;61,3261919360863;20,006431876911;2861;14;218;35;31;408;8
"CI230105";"J";"Sassandra-Marahoue";0;"J6";"Bouaflé";0;"J604";"Pakouabo";19597;4411;187,101349337385;276,159366537507;62,8088150728459;77,968885231101;20,9531277745783;2353;17;737;8;7;1287;2
"CI230106";"J";"Sassandra-Marahoue";0;"J6";"Bouaflé";0;"J605";"Tibéita";22239;4301;678,064914092768;290,981654964977;77,1657815784921;80,1040381428484;37,1194013265771;2354;51;949;34;23;887;3
"CI230302";"J";"Sassandra-Marahoue";0;"J7";"Gohitafla";1;"J701";"Gohitafla";46470;6249;402,578076720834;315,580270588709;102,295037397278;95,7749316548117;0;5127;47;276;189;6;602;2
"CI230303";"J";"Sassandra-Marahoue";0;"J7";"Gohitafla";0;"J702";"Iriéfla";8406;1107;106,566182750735;329,3557573971;117,391902151494;110,783828760656;18,347423120645;806;3;113;13;0;170;2
"CI230305";"J";"Sassandra-Marahoue";0;"J7";"Gohitafla";0;"J703";"Maminigui";28495;4012;271,907226310676;308,488648912965;94,6615840510564;79,36792687575;17,2473234048567;2877;18;382;42;24;669;0
"CI230202";"J";"Sassandra-Marahoue";0;"J8";"Sinfra";0;"J801";"Bazré";30562;5277;230,444868384463;224,330617434222;21,9400007935939;101,435878602813;39,4959539281023;2044;45;1592;106;12;1476;2
"CI230203";"J";"Sassandra-Marahoue";0;"J8";"Sinfra";0;"J802";"Kononfla";55427;10195;505,256066179742;231,71357698785;38,2063610858843;88,0470877194205;23,6040378600413;6107;57;1372;54;12;2591;2
"CI230204";"J";"Sassandra-Marahoue";0;"J8";"Sinfra";0;"J803";"Kouétinfla";22028;4871;183,531984377804;265,564848423218;84,0518108434111;49,0571604133642;22,6821157529692;2217;36;1048;16;22;1532;0
"CI230201";"J";"Sassandra-Marahoue";0;"J8";"Sinfra";1;"J804";"Sinfra";137210;24635;789,685512484988;249,162755222051;61,3994240175169;66,5050430852093;0;18755;150;1802;345;28;3541;14
"CI230304";"J";"Sassandra-Marahoue";0;"J9";"Zuénoula";0;"J901";"Kanzra";36674;5605;459,528380425517;333,095893284586;123,216826307999;51,1660787049066;28,2837586710681;1565;16;1499;57;30;2437;1
"CI230306";"J";"Sassandra-Marahoue";0;"J9";"Zuénoula";0;"J902";"Voueboufla";25213;4779;354,206504945995;336,171941155721;122,779471447601;100,641669289577;30,2163776408432;2280;28;1742;10;3;714;2
"CI230307";"J";"Sassandra-Marahoue";0;"J9";"Zuénoula";0;"J903";"Zanzra";44381;7278;492,024950047118;341,710377131299;128,999255346994;70,9994132793296;22,7578004323473;4639;115;1704;13;4;801;2
"CI230301";"J";"Sassandra-Marahoue";0;"J9";"Zuénoula";1;"J904";"Zuénoula";78613;14815;899,067457364501;320,441791280118;107,073290842476;71,4539180649876;0;11708;34;833;28;25;2187;0
"CI280101";"K";"Savanes";0;"K1";"Dikodougou";0;"K101";"Boron";34308;4587;720,507089176925;423,766823814458;221,701287528988;90,1475111409515;31,3894117289651;995;33;2892;17;11;636;3
"CI280102";"K";"Savanes";0;"K1";"Dikodougou";1;"K102";"Dikodougou";47935;7362;1245,90995603124;451,453729825779;252,027307815975;59,0962845669907;0;2693;20;2986;9;71;1583;0
"CI280103";"K";"Savanes";0;"K1";"Dikodougou";0;"K103";"Guiembé";19872;3195;520,311905464828;475,733979781015;279,849596266395;28,7653874154626;30,3323528683663;1074;10;957;8;2;1143;1
"CI280202";"K";"Savanes";0;"K2";"Korhogo";0;"K201";"Dassoungboho";8703;1381;131,374256752767;490,575112025414;295,626238982901;13,7593247850777;13,7593247850777;867;6;275;0;4;214;15
"CI280203";"K";"Savanes";0;"K2";"Korhogo";0;"K202";"Kanoroba";24548;3436;927,532803098627;468,543407376207;264,342295898407;65,5572496693616;65,5572496693616;750;16;1063;121;15;1471;0
"CI280204";"K";"Savanes";0;"K2";"Korhogo";0;"K203";"Karakoro";22982;3498;237,166149795144;484,923302613057;297,438103110794;24,1416233520946;24,1416233520946;2163;8;445;72;1;809;0
"CI280205";"K";"Savanes";0;"K2";"Korhogo";0;"K204";"Kiémou";31958;5822;889,144310323716;442,684523274867;250,102885886535;57,2892114500735;57,2892114500735;1367;243;2926;55;11;1220;0
"CI280206";"K";"Savanes";0;"K2";"Korhogo";0;"K205";"Kombolokoura";8930;1776;156,266748320811;493,903115373521;295,928509771489;24,5987660894429;24,5987660894429;994;23;330;1;2;426;0
"CI280207";"K";"Savanes";0;"K2";"Korhogo";0;"K206";"Komborodougou";16703;2810;321,051358405276;467,028532370002;281,343935518356;39,7430600124189;39,7430600124189;1690;5;498;10;4;597;6
"CI280208";"K";"Savanes";0;"K2";"Korhogo";0;"K207";"Koni";17054;2699;340,129539724042;516,250077206865;324,378908308455;17,6653313780895;17,6653313780895;1756;27;180;90;2;644;0
"CI280201";"K";"Savanes";1;"K2";"Korhogo";1;"K208";"Korhogo";440926;81738;622,346468788152;499,59310505971;306,811263890679;0;0;75172;234;2219;421;44;3626;22
"CI280209";"K";"Savanes";0;"K2";"Korhogo";0;"K209";"Lataha";26895;4516;326,094596747079;507,066600639955;320,456327669929;27,0421045013105;27,0421045013105;2336;22;1096;56;9;997;0
"CI280211";"K";"Savanes";0;"K2";"Korhogo";0;"K210";"Nafoun";10206;1442;365,554229072601;506,142121050141;302,50760110777;53,651815324467;53,651815324467;769;3;246;19;1;404;0
"CI280212";"K";"Savanes";0;"K2";"Korhogo";0;"K211";"Napiéléodougou";31004;6429;325,811181676953;467,923192590943;278,27113231168;32,7438814144073;32,7438814144073;3622;104;1276;97;10;1317;3
"CI280210";"K";"Savanes";0;"K2";"Korhogo";0;"K212";"N'Ganon";9181;1767;440,397897920332;531,469332892468;335,010793472567;34,6057845632879;34,6057845632879;744;13;488;6;5;509;2
"CI280213";"K";"Savanes";0;"K2";"Korhogo";0;"K213";"Niofoin";36772;6844;831,371017536067;515,429141745521;316,296165425595;32,197251520751;32,197251520751;2671;33;1646;50;27;2410;7
"CI280214";"K";"Savanes";0;"K2";"Korhogo";0;"K214";"Sirasso";29633;4495;616,169660327146;489,743900613539;287,562272332209;46,6629319413181;46,6629319413181;1852;28;1599;8;17;989;2
"CI280215";"K";"Savanes";0;"K2";"Korhogo";0;"K215";"Sohouo";11434;1907;185,538108329047;514,837204777475;325,710136031768;22,9511794872368;22,9511794872368;892;0;145;10;1;859;0
"CI280216";"K";"Savanes";0;"K2";"Korhogo";0;"K216";"Tioroniaradougou";21464;3424;192,782097940924;481,510217745187;289,055751717687;18,1033144775854;18,1033144775854;2492;5;233;26;4;664;0
"CI280302";"K";"Savanes";0;"K3";"M'Bengué";0;"K301";"Bougou";16369;1667;458,593940987779;580,333266867484;389,25753353385;82,4553737541106;30,2469119306142;714;13;535;13;3;388;1
"CI280303";"K";"Savanes";0;"K3";"M'Bengué";0;"K302";"Katiali";13074;1810;185,460074008968;541,177528541323;345,942071181263;42,123254381532;16,1713492208731;883;21;457;7;7;435;0
"CI280304";"K";"Savanes";0;"K3";"M'Bengué";0;"K303";"Katogo";19749;2912;446,66733563611;582,640214252884;385,465288936214;84,0842702947936;33,6364445242637;2037;5;548;34;2;286;0
"CI280301";"K";"Savanes";0;"K3";"M'Bengué";1;"K304";"M'Bengué";65779;11963;1597,61952291536;553,699081926625;360,273652042454;54,1913336342785;0;7938;31;1700;31;14;2235;14
"CI280402";"K";"Savanes";0;"K4";"Sinématiali";0;"K401";"Bahouakaha";6300;1066;54,8233080492428;489,579826975276;305,322355156891;33,4359185738206;9,35135617274177;863;0;24;22;3;151;3
"CI280403";"K";"Savanes";0;"K4";"Sinématiali";0;"K402";"Kagbolodougou";10153;1783;112,126183668599;479,326340503246;296,09303247436;39,331751753095;16,83267307148;1219;9;103;11;13;425;3
"CI280404";"K";"Savanes";0;"K4";"Sinématiali";0;"K403";"Sédiogo";6600;1181;48,2315618175352;493,117495376393;307,46565718023;28,1357878435299;12,2069805259716;817;62;108;28;0;166;0
"CI280401";"K";"Savanes";0;"K4";"Sinématiali";1;"K404";"Sinématiali";51929;8663;302,607414714022;495,353537029231;312,921853371326;39,7413405588086;0;4923;39;1562;199;27;1912;1
"CI310101";"K";"Savanes";0;"K5";"Ferkessédougou";1;"K501";"Ferkessédougou";160267;29865;2208,25068633815;504,229157450463;328,653228018002;65,1363748727496;0;18980;296;5601;321;49;4587;31
"CI310102";"K";"Savanes";0;"K5";"Ferkessédougou";0;"K502";"Koumbala";14531;2085;527,765037052132;464,934421125348;292,622840318544;74,7854104200929;39,4880694199059;227;10;1086;7;11;740;4
"CI310103";"K";"Savanes";0;"K5";"Ferkessédougou";0;"K503";"Togoniéré";15342;2487;1256,28245062177;485,322052760649;319,799647397256;93,1793592060447;34,2456767187332;500;6;1073;1;3;904;0
"CI310202";"K";"Savanes";0;"K6";"Kong";0;"K601";"Bilimono";28740;4072;3351,92402113981;398,724877718351;273,036189350268;188,487992729323;51,6418036064728;1173;72;1589;11;13;1211;3
"CI310201";"K";"Savanes";0;"K6";"Kong";1;"K602";"Kong";33391;5917;2645,00019258816;425,806835602056;276,196477588664;137,376827442272;0;3090;11;1276;70;19;1449;2
"CI310203";"K";"Savanes";0;"K6";"Kong";0;"K603";"Nafana";28439;4032;792,513069022468;440,218352666954;276,960871675905;104,062216414538;33,3272825350846;879;28;2082;6;35;1002;0
"CI310204";"K";"Savanes";0;"K6";"Kong";0;"K604";"Sikolo";27733;5371;2240,26596454172;465,13434099707;314,9418379954;133,217472112142;39,9560045100945;1142;22;1927;34;3;2242;1
"CI310302";"K";"Savanes";0;"K7";"Ouangolodougou";0;"K701";"Diawala";85334;8067;1831,42170471335;545,6791066126;361,844673807439;62,911112575584;37,7103403105027;3510;83;3478;10;29;956;1
"CI310303";"K";"Savanes";0;"K7";"Ouangolodougou";0;"K702";"Kaouara";33558;4142;651,956604085891;555,58906706272;380,849535885542;96,3917706746318;21,6583744207715;1115;85;2012;20;3;904;3
"CI310304";"K";"Savanes";0;"K7";"Ouangolodougou";0;"K703";"Niellé";48524;5501;657,181983509265;571,870280361468;385,913919403822;81,7154594270253;57,0352562666644;2705;17;2226;42;8;503;0
"CI310301";"K";"Savanes";0;"K7";"Ouangolodougou";1;"K704";"Ouangolodougou";82801;13218;769,082858571359;533,933291588473;359,926430383361;83,9460540836044;0;8675;27;2805;100;66;1537;8
"CI310305";"K";"Savanes";0;"K7";"Ouangolodougou";0;"K705";"Toumoukoro";44423;4959;486,037383128899;589,113982602989;403,228787676406;98,3746427084702;68,7809821237009;2939;21;1333;10;10;644;2
"CI050101";"K";"Savanes";0;"K8";"Boundiali";0;"K801";"Baya";16715;2019;269,631166588696;571,172907661754;371,409549158986;76,8814471587396;75,2624805765152;1603;9;136;6;1;264;0
"CI050102";"K";"Savanes";0;"K8";"Boundiali";1;"K802";"Boundiali";92792;13905;1485,7839459701;538,172945164109;329,323472344402;98,3193437888645;0;9941;78;2003;116;26;1733;8
"CI050103";"K";"Savanes";0;"K8";"Boundiali";0;"K803";"Ganaoni";25216;3676;1195,37747145595;512,291811379722;304,25074222052;84,029309825917;26,4359935276222;1430;18;1340;16;27;845;0
"CI050104";"K";"Savanes";0;"K8";"Boundiali";0;"K804";"Kasséré";39106;5711;728,025912813491;550,479287741532;349,871562505261;61,1444401077106;61,0720083533395;4509;12;609;19;6;556;0
"CI050105";"K";"Savanes";0;"K8";"Boundiali";0;"K805";"Siempurgo";24713;4102;675,906665607773;531,408119920191;328,148714405871;59,4492927042618;41,7826604383182;2553;23;624;12;34;855;1
"CI050202";"K";"Savanes";0;"K9";"Kouto";0;"K901";"Blességué";21345;2364;240,00480041734;594,653544658771;394,801190305309;98,9201850824964;22,0258991497459;815;187;1077;21;2;262;0
"CI050203";"K";"Savanes";0;"K9";"Kouto";0;"K902";"Gbon";32189;2819;873,158311492245;590,77375949912;386,693399067557;106,069959607511;16,1161417652254;1921;18;636;4;0;238;2
"CI050204";"K";"Savanes";0;"K9";"Kouto";0;"K903";"Kolia";32113;3097;1118,73476054087;563,59993824081;357,142640212919;95,9354216581504;36,1497175845991;2432;2;277;9;1;365;11
"CI050201";"K";"Savanes";0;"K9";"Kouto";1;"K904";"Kouto";55893;5958;669,01148743883;580,375421969995;378,131926580236;91,2340576033856;0;4728;39;596;49;9;536;1
"CI050205";"K";"Savanes";0;"K9";"Kouto";0;"K905";"Sianhala";34048;2694;672,333408084807;600,53780119713;393,520188363919;126,488835997088;41,0068410901165;2502;3;45;18;3;123;0
"CI050302";"K";"Savanes";0;"KA";"Tengrela";0;"KA01";"Débété";5229;699;324,684592658599;642,957975228957;440,724072672663;148,977155352019;20,6635396627295;487;1;156;1;1;53;0
"CI050303";"K";"Savanes";0;"KA";"Tengrela";0;"KA02";"Kanakono";30630;4821;467,202839265104;611,246738234708;413,258660673397;112,760029791756;21,6079068774214;3375;23;1081;20;3;318;1
"CI050304";"K";"Savanes";0;"KA";"Tengrela";0;"KA03";"Papara";13448;3443;368,479251231667;640,966388980195;443,883882945511;141,647751614266;29,9881171897214;1856;36;1019;0;12;519;1
"CI050301";"K";"Savanes";0;"KA";"Tengrela";1;"KA04";"Tengrela";92454;13496;1149,77432008917;624,908446829811;424,220514707662;129,109126295283;0;11202;35;1314;24;14;906;1
"CI110101";"L";"Vallée du Bandama";0;"L1";"Béoumi";0;"L101";"Ando-Kékrénou";16826;2618;317,434866541458;298,393316828489;88,3455858309705;80,6490085207978;25,01013778947;1574;27;100;6;4;907;0
"CI110102";"L";"Vallée du Bandama";0;"L1";"Béoumi";1;"L102";"Béoumi";85600;15381;1139,26113631086;316,419884562505;110,481137417855;70,1641952842324;0;10153;308;950;255;11;3699;5
"CI110103";"L";"Vallée du Bandama";0;"L1";"Béoumi";0;"L103";"Bodokro";37048;5223;385,491456001029;328,72115218525;127,140894864855;63,8970563754436;19,7431410981085;2137;50;1005;80;17;1927;7
"CI110104";"L";"Vallée du Bandama";0;"L1";"Béoumi";0;"L104";"Kondrobo";18052;2534;238,462555352976;337,003341732444;128,732230271631;86,2437576458003;21,4261030180939;386;25;903;4;3;1211;2
"CI110105";"L";"Vallée du Bandama";0;"L1";"Béoumi";0;"L105";"Lolobo";11586;1592;150,060641906154;307,964792804378;108,3475566923;52,0156410202202;18,1757811548915;843;7;135;3;1;602;1
"CI110106";"L";"Vallée du Bandama";0;"L1";"Béoumi";0;"L106";"Marabadiassa";10664;1870;78,5433970501355;345,365715427208;147,310448160343;67,4828464899228;40,7493318252125;878;8;432;6;4;537;5
"CI110107";"L";"Vallée du Bandama";0;"L1";"Béoumi";0;"L107";"N'Guéssankro";15239;2198;222,221617504366;336,363856121325;138,598945979036;60,7883729430442;33,9441332123299;1195;7;269;14;1;707;5
"CI110201";"L";"Vallée du Bandama";0;"L2";"Botro";1;"L201";"Botro";36461;5547;307,803853630625;315,361088413075;121,099940541482;43,2240399356401;0;3232;5;229;14;14;2053;0
"CI110202";"L";"Vallée du Bandama";0;"L2";"Botro";0;"L202";"Diabo";35761;5539;410,075624070672;306,737697732212;120,820399834865;26,1247708916785;17,1947324274096;3495;214;548;24;7;1228;23
"CI110203";"L";"Vallée du Bandama";0;"L2";"Botro";0;"L203";"Krofoinsou";13402;1999;334,558776115139;329,355786364319;138,166135975712;46,3181871033694;17,3239462998301;196;4;619;2;3;1173;2
"CI110204";"L";"Vallée du Bandama";0;"L2";"Botro";0;"L204";"Languibonou";32300;5224;255,137938363105;297,071790939748;103,190332591574;39,2266770137681;18,6741737032956;3181;10;375;27;7;1622;2
"CI110301";"L";"Vallée du Bandama";1;"L3";"Bouaké";1;"L301";"Bouaké";832371;152187;1772,89941023274;291,954701078404;121,533335009138;0;0;142867;564;2566;553;51;5544;42
"CI110302";"L";"Vallée du Bandama";0;"L3";"Bouaké";0;"L302";"Bounda";15710;1975;409,481639710301;263,899861014781;119,355190560804;36,7058919320439;36,7058919320439;826;14;343;23;24;744;1
"CI110303";"L";"Vallée du Bandama";0;"L3";"Bouaké";0;"L303";"Brobo";22780;4123;149,424542526895;271,375033555714;109,770726521086;21,0496278322654;21,0496278322654;2536;15;227;95;8;1240;2
"CI110304";"L";"Vallée du Bandama";0;"L3";"Bouaké";0;"L304";"Djébonoua";40481;6242;296,466928652565;264,889894044017;80,5412834519911;41,3140523656622;41,3140523656622;3444;14;583;31;5;2165;0
"CI110305";"L";"Vallée du Bandama";0;"L3";"Bouaké";0;"L305";"Mamini";20509;2953;774,465723282284;282,178603780994;131,219339805195;26,3371705994238;26,3371705994238;791;19;430;25;5;1683;0
"CI110402";"L";"Vallée du Bandama";0;"L4";"Sakassou";0;"L401";"Ayaou-Sran";16278;3431;277,129931195604;289,438911310035;76,9675550239632;91,6333646697587;35,4823705200852;1887;11;529;46;2;955;1
"CI110403";"L";"Vallée du Bandama";0;"L4";"Sakassou";0;"L402";"Dibri-Assirikro";18405;3043;228,031062665192;280,103647408447;90,0502855114973;37,632852495695;22,3325349911117;1284;16;351;93;2;1296;1
"CI110401";"L";"Vallée du Bandama";0;"L4";"Sakassou";1;"L403";"Sakassou";69386;13362;1104,23896715311;274,158165539069;73,2787687004856;59,9472861444751;0;8642;29;832;27;252;3572;8
"CI110404";"L";"Vallée du Bandama";0;"L4";"Sakassou";0;"L404";"Toumodi-Sakassou";4041;981;176,130739802521;280,281224952652;69,9244043888398;82,25199799931;23,7788403018514;761;0;4;1;0;215;0
"CI170101";"L";"Vallée du Bandama";0;"L5";"Dabakala";0;"L501";"Bassawa";21487;4376;1029,71327151834;305,934163951967;195,131497025223;93,6459808564956;43,5076292008962;2022;17;871;69;6;1386;5
"CI170102";"L";"Vallée du Bandama";0;"L5";"Dabakala";0;"L502";"Bonieredougou";27696;6095;830,700474364157;340,393329358471;181,981844138051;60,4485187498429;34,337973385059;2983;16;1259;43;28;1766;0
"CI170103";"L";"Vallée du Bandama";0;"L5";"Dabakala";1;"L503";"Dabakala";78634;14894;1946,37631588696;336,855938774767;198,825074442323;81,0789079676029;0;10509;60;2281;137;11;1838;58
"CI170104";"L";"Vallée du Bandama";0;"L5";"Dabakala";0;"L504";"Foumbolo";29022;7200;2380,11102314629;384,972407463698;227,514285303147;106,337168369679;53,0153313237874;2726;27;2085;125;60;2166;11
"CI170105";"L";"Vallée du Bandama";0;"L5";"Dabakala";0;"L505";"Niéméné";16684;3582;445,841487130972;359,220516315854;199,769672813913;78,4475293243463;38,7372093463148;2082;8;422;38;12;1019;1
"CI170106";"L";"Vallée du Bandama";0;"L5";"Dabakala";0;"L506";"Satama-Sokoro";26163;6048;790,249681050384;303,64624505245;163,400567784838;51,1639298767615;36,613662259062;4471;23;203;352;5;994;0
"CI170107";"L";"Vallée du Bandama";0;"L5";"Dabakala";0;"L507";"Satama-Sokoura";13067;3004;407,641769164663;294,454608378856;167,588852831294;64,2385954798108;42,4170296938433;2495;0;172;30;6;301;0
"CI170108";"L";"Vallée du Bandama";0;"L5";"Dabakala";0;"L508";"Sokala-Sobara";17824;2922;371,611227206664;352,104236450358;208,902300025572;88,7558109496087;15,7782309614866;2391;9;180;1;2;339;0
"CI170109";"L";"Vallée du Bandama";0;"L5";"Dabakala";0;"L509";"Tendéné-Bambarasso";15238;2648;1293,23935256501;352,748522888877;233,991778190193;120,307500181549;40,8535319562101;612;188;991;32;11;813;1
"CI170110";"L";"Vallée du Bandama";0;"L5";"Dabakala";0;"L510";"Yaossédougou";8616;1535;374,292668909702;324,883913198337;203,252175049477;92,8415691185136;25,2158754028998;846;0;303;1;1;384;0
"CI170202";"L";"Vallée du Bandama";0;"L6";"Katiola";0;"L601";"Fronan";56796;9327;1520,52076211051;357,494118715518;172,428212763035;66,1650784670991;27,1196680620225;6455;103;483;287;62;1936;1
"CI170201";"L";"Vallée du Bandama";0;"L6";"Katiola";1;"L602";"Katiola";90641;18052;767,752580514514;330,394047502421;148,781396596191;39,2218425172858;0;15666;73;483;481;122;1223;4
"CI170203";"L";"Vallée du Bandama";0;"L6";"Katiola";0;"L603";"Timbé";15035;2694;536,989910059146;322,900047567121;155,645115306239;34,6811301564356;25,9551535092084;1868;4;35;51;5;731;0
"CI170302";"L";"Vallée du Bandama";0;"L7";"Niakaramandougou";0;"L701";"Arikokaha";13486;1807;588,802014216423;398,875224412834;222,298880460985;108,288184495966;23,3208552583315;833;4;343;4;2;621;0
"CI170303";"L";"Vallée du Bandama";0;"L7";"Niakaramandougou";0;"L702";"Badikaha";27498;6261;716,323147018823;458,150729832452;279,799391046662;167,861555239181;72,8035216987815;4204;323;616;18;15;834;251
"CI170301";"L";"Vallée du Bandama";0;"L7";"Niakaramandougou";1;"L703";"Niakaramandougou";78301;14306;2792,00629160439;391,731972999278;207,155027263616;99,7972120613877;0;6337;68;4480;158;38;3062;163
"CI170304";"L";"Vallée du Bandama";0;"L7";"Niakaramandougou";0;"L704";"Niédiékaha";13193;2166;625,623978786616;417,728799494395;240,652991062855;127,301954403214;36,1768866570753;1433;6;361;8;7;351;0
"CI170305";"L";"Vallée du Bandama";0;"L7";"Niakaramandougou";0;"L705";"Tafiré";32240;5490;1312,47908064766;437,029589519439;259,469685747048;146,732176090084;53,204356421601;3819;41;799;120;10;691;10
"CI170306";"L";"Vallée du Bandama";0;"L7";"Niakaramandougou";0;"L706";"Tortiya";30409;5279;633,768422552542;415,32249475485;220,040033063612;126,232870997208;37,0690122242394;3487;37;1054;55;20;626;0
"CI330102";"M";"Woroba";0;"M1";"Kani";0;"M101";"Djibrosso";22484;4710;1795,42131745135;506,172083105521;292,36626659343;102,287816132794;57,9342198603869;2181;23;968;129;15;1387;7
"CI330103";"M";"Woroba";0;"M1";"Kani";0;"M102";"Fadiadougou";34552;6362;1076,33204856247;480,135582712132;267,659796728431;95,7381751963502;31,854750419994;3348;82;2225;55;1;649;2
"CI330101";"M";"Woroba";0;"M1";"Kani";1;"M103";"Kani";55109;11327;1451,31077233984;451,342305317495;238,110761915728;65,4541100140149;0;6486;49;2413;128;87;2161;3
"CI330104";"M";"Woroba";0;"M1";"Kani";0;"M104";"Morondo";19283;3641;638,408524889437;506,986024974216;294,399369148591;117,279339774408;57,176102950963;2361;9;946;30;1;293;1
"CI330202";"M";"Woroba";0;"M2";"Séguéla";0;"M201";"Bobi-Diarabana";25063;5800;957,293245009092;425,776407079108;211,93145334337;33,1113864726247;33,1113864726247;3161;43;1446;34;8;1108;0
"CI330203";"M";"Woroba";0;"M2";"Séguéla";0;"M202";"Dualla";9996;2489;465,227659109518;411,217681475181;197,483787103011;35,7123281945711;35,7123281945711;1284;5;664;6;1;528;1
"CI330204";"M";"Woroba";0;"M2";"Séguéla";0;"M203";"Kamalo";13584;2864;387,00301633411;430,50381297416;219,999206530813;32,9547069821163;32,9547069821163;1603;8;499;17;2;735;0
"CI330205";"M";"Woroba";0;"M2";"Séguéla";0;"M204";"Massala";40647;6181;959,306611647421;387,948267138841;174,122767048208;30,8625495843078;30,8625495843078;1804;90;2986;33;10;1253;5
"CI330201";"M";"Woroba";1;"M2";"Séguéla";1;"M205";"Séguéla";103980;18775;824,21793532741;410,581702694428;197,629141132258;0;0;16046;121;945;260;11;1383;9
"CI330206";"M";"Woroba";0;"M2";"Séguéla";0;"M206";"Sifié";31264;7223;432,591891146893;437,824560541658;225,976763621345;30,935088888813;30,935088888813;2434;34;3170;23;19;1541;2
"CI330207";"M";"Woroba";0;"M2";"Séguéla";0;"M207";"Worofla";66713;11173;2490,58805435121;462,106515796962;248,532639640062;52,76187379897;52,76187379897;4591;91;3799;40;19;2611;22
"CI070101";"M";"Woroba";0;"M3";"Dianra";1;"M301";"Dianra";61527;111766;1575,30289696193;484,569710729256;275,374949122946;122,895384277669;0;5088;51;4227;54;357;1399;0
"CI070102";"M";"Woroba";0;"M3";"Dianra";0;"M302";"Dianra-Village";57619;9752;1494,84826462352;446,145213381984;236,599587386737;96,2045148609895;38,7767039189877;4799;55;4047;34;18;798;1
"CI070202";"M";"Woroba";0;"M4";"Kounahiri";0;"M401";"Kongasso";37281;5462;641,988384499097;355,774487683955;142,459085371289;68,7236948143963;26,7053317501043;1296;125;2521;86;38;1394;2
"CI070201";"M";"Woroba";0;"M4";"Kounahiri";1;"M402";"Kounahiri";63830;9326;708,783154233335;338,585374229145;127,817521007023;95,2442270674581;0;3621;40;2676;30;20;2910;29
"CI070302";"M";"Woroba";0;"M5";"Mankono";0;"M501";"Bouandougou";45494;9705;1285,1346516527;367,110625942408;167,79617676735;126,801906435909;63,3280705291867;4360;81;3824;53;13;1372;2
"CI070301";"M";"Woroba";0;"M5";"Mankono";1;"M502";"Mankono";74165;11877;1995,61265549306;384,288426281012;172,044327020592;63,4738812385489;0;8177;113;2479;192;2;901;13
"CI070303";"M";"Woroba";0;"M5";"Mankono";0;"M503";"Marandallah";42729;6243;1044,18014691629;401,836947176877;197,860287549348;111,51883704614;53,6128459891304;1938;41;3546;80;7;627;4
"CI070304";"M";"Woroba";0;"M5";"Mankono";0;"M504";"Sarhala";42450;9372;1174,16887812248;419,673311302769;209,948911511389;84,2135820162995;42,0271642058144;3620;370;4442;64;16;860;0
"CI070305";"M";"Woroba";0;"M5";"Mankono";0;"M505";"Tiéningboué";67055;8640;1027,12356043736;372,360028718089;165,269270496139;97,4002501972063;33,951256925156;3331;58;4295;110;16;816;14
"CI040102";"M";"Woroba";0;"M6";"Koro";0;"M601";"Booko";22894;3429;886,057847871529;571,786763441913;358,860674389781;161,27986254515;56,6510125080338;900;16;1033;122;14;1342;2
"CI040103";"M";"Woroba";0;"M6";"Koro";0;"M602";"Borotou";5202;781;447,147383862794;541,296901315436;328,052852225232;130,735132790382;27,5634321894538;427;5;85;38;2;221;3
"CI040101";"M";"Woroba";0;"M6";"Koro";1;"M603";"Koro";33567;6780;978,639964093892;515,141553028782;302,321090055452;104,69660908528;0;5414;92;434;123;13;704;0
"CI040104";"M";"Woroba";0;"M6";"Koro";0;"M604";"Mahandougou";6337;896;142,280117619092;586,887314613886;373,797759569556;176,315647571104;71,8737176545214;362;0;223;44;2;265;0
"CI040105";"M";"Woroba";0;"M6";"Koro";0;"M605";"Niokosso";8346;1281;588,28318241678;540,308622335236;328,036988835785;130,54903961642;27,1730646504582;309;3;252;99;9;609;0
"CI040202";"M";"Woroba";0;"M7";"Ouaninou";0;"M701";"Gbèlo";6369;1618;197,021292428157;519,120197584183;311,745389817843;123,201713463282;16,1582323856492;467;14;432;8;34;663;0
"CI040203";"M";"Woroba";0;"M7";"Ouaninou";0;"M702";"Gouékan";4592;597;233,327028828293;517,276666567352;311,895842565975;128,056474975682;25,0201627854369;104;149;205;7;9;123;0
"CI040204";"M";"Woroba";0;"M7";"Ouaninou";0;"M703";"Koonan";9970;1322;389,080805491921;553,105991230246;344,485943468892;151,925834623888;18,9066548614729;601;9;171;97;8;436;0
"CI040201";"M";"Woroba";0;"M7";"Ouaninou";1;"M704";"Ouaninou";27919;4773;694,416074181942;534,941195557574;327,034041391254;136,492315955386;0;2258;14;424;128;73;1874;2
"CI040205";"M";"Woroba";0;"M7";"Ouaninou";0;"M705";"Saboudougou";5225;870;315,003505640151;568,567903354531;360,846500379569;169,392167878434;33,8143901676927;133;6;126;16;4;584;1
"CI040206";"M";"Woroba";0;"M7";"Ouaninou";0;"M706";"Santa";11906;1635;440,401473862078;556,602719133175;350,46333698858;162,365223697524;26,6755462982632;310;1;277;2;21;1024;0
"CI040302";"M";"Woroba";0;"M8";"Touba";0;"M801";"Dioman";6375;1091;273,871499687028;497,620920391607;288,524033547306;97,3355254293108;16,5737648163422;233;2;223;10;3;617;3
"CI040303";"M";"Woroba";0;"M8";"Touba";0;"M802";"Foungbesso";24562;4433;657,964164077596;496,784584489816;290,681999321045;107,202828932446;35,0949502030619;2024;28;647;28;18;1684;4
"CI040304";"M";"Woroba";0;"M8";"Touba";0;"M803";"Guintéguéla";34575;6261;1466,3931144104;479,605494661096;267,780542294165;71,1734653767118;36,992056982947;1822;34;1904;91;24;2236;150
"CI040301";"M";"Woroba";0;"M8";"Touba";1;"M804";"Touba";55013;10451;986,903292317674;511,264872509237;301,059955765904;106,799112616476;0;7849;47;1006;44;10;1488;7
"CI140101";"N";"Zanzan";0;"N1";"Bondoukou";0;"N101";"Appimadoum";9920;2864;97,0876517269444;308,581422651555;295,888054958201;23,7256611797935;23,7256611797935;993;7;541;9;21;1292;1
"CI140106";"N";"Zanzan";0;"N1";"Bondoukou";0;"N102";"Pinda-Boroko";5951;1499;82,4837095973633;313,754235553728;301,74436568318;19,6799633138016;19,6799633138016;1220;3;49;4;1;222;0
"CI140102";"N";"Zanzan";0;"N1";"Bondoukou";0;"N103";"Bondo";28482;6479;722,798908950186;337,521393257212;282,671840953741;51,8905804642405;51,8905804642405;4711;12;530;51;5;1170;0
"CI140103";"N";"Zanzan";1;"N1";"Bondoukou";1;"N104";"Bondoukou";141568;36959;728,161999174753;331,858481936283;310,755805343473;0;0;34085;129;463;130;22;2092;38
"CI140104";"N";"Zanzan";0;"N1";"Bondoukou";0;"N105";"Gouméré";23870;5709;295,007745133959;313,180294947263;290,346899595406;20,9505364395443;20,9505364395443;4021;7;223;147;25;1286;0
"CI140105";"N";"Zanzan";0;"N1";"Bondoukou";0;"N106";"Laoudi-Ba";98053;23639;1432,15960311331;360,327720977653;312,167823068106;44,9303576249569;44,9303576249569;13149;434;3684;167;104;6095;6
"CI140107";"N";"Zanzan";0;"N1";"Bondoukou";0;"N107";"Sapli-Sépingo";12403;2786;100,800562037264;333,338011496337;294,63753740315;27,4775165251424;27,4775165251424;2627;15;12;4;2;126;0
"CI140108";"N";"Zanzan";0;"N1";"Bondoukou";0;"N108";"Sorobango";34797;8921;976,987516653405;356,126383420825;334,032730313296;25,1378191706748;25,1378191706748;6990;11;349;102;6;1437;26
"CI140109";"N";"Zanzan";0;"N1";"Bondoukou";0;"N109";"Tabagne";26909;6990;329,797927867535;321,144647817926;285,822609246148;28,2253179612967;28,2253179612967;5666;6;209;104;1;1000;4
"CI140110";"N";"Zanzan";0;"N1";"Bondoukou";0;"N110";"Tagadi";35143;7436;1432,72585726476;385,490355110733;348,419180765836;54,5100108752246;54,5100108752246;820;49;2662;78;204;3568;55
"CI140111";"N";"Zanzan";0;"N1";"Bondoukou";0;"N111";"Taoudi";27917;6292;656,306877814983;319,151249134902;262,802254257875;60,4740680691472;60,4740680691472;5186;2;121;179;7;797;0
"CI140112";"N";"Zanzan";0;"N1";"Bondoukou";0;"N112";"Yézimala";8829;2769;101,744131269072;340,594259160347;304,301939876371;23,0711758841993;23,0711758841993;2159;2;76;3;1;514;14
"CI140202";"N";"Zanzan";0;"N2";"Koun Fao";0;"N201";"Boahia";11834;2153;400,737931437424;256,318960159501;217,264461593093;94,5024272978157;22,4180568708821;1469;21;265;146;11;241;0
"CI140203";"N";"Zanzan";0;"N2";"Koun Fao";0;"N202";"Kokomian";15090;2511;157,862454838799;240,872925916877;256,941773925964;92,3467345214459;42,4386448120032;2243;15;23;6;7;160;57
"CI140204";"N";"Zanzan";0;"N2";"Koun Fao";0;"N203";"Kouassi-Datékro";30328;7054;1139,35063616821;276,291260653742;217,629614063558;94,5719358608;44,6112398427108;4044;82;684;61;8;2160;15
"CI140201";"N";"Zanzan";0;"N2";"Koun Fao";1;"N204";"Koun Fao";49280;10047;1039,8600349411;253,889860508683;233,44806368845;83,9888047228124;0;7666;36;850;38;10;1435;12
"CI140205";"N";"Zanzan";0;"N2";"Koun Fao";0;"N205";"Tankessé";35940;7875;598,382644654935;237,226302190751;237,057087072668;95,2177951475882;23,9397343299523;5893;36;580;97;10;1258;1
"CI140206";"N";"Zanzan";0;"N2";"Koun Fao";0;"N206";"Tienkoikro";25409;4856;276,994307198634;227,958012357046;249,483289201885;105,145961701116;47,6413146402054;4130;18;139;10;5;542;12
"CI140302";"N";"Zanzan";0;"N3";"Sandegue";0;"N301";"Bandakagni-Tomora";11264;2611;274,354587154536;300,285851528592;246,970344231422;68,1866361474664;22,955168746879;2206;1;92;36;29;244;3
"CI140303";"N";"Zanzan";0;"N3";"Sandegue";0;"N302";"Dimandougou";9190;2404;588,954665459874;293,350357364838;212,773259930553;109,445576347384;27,2888159163243;1400;6;280;38;1;667;12
"CI140301";"N";"Zanzan";0;"N3";"Sandegue";1;"N303";"Sandegue";26918;6638;745,716420878417;310,409138818669;239,900020716278;85,6971268982304;0;3829;78;850;84;29;1766;2
"CI140304";"N";"Zanzan";0;"N3";"Sandegue";0;"N304";"Yorobodi";22369;5655;1180,28304133893;317,573312110578;223,2027386965;117,712811657057;33,0048060916141;3156;37;652;90;10;1675;35
"CI140502";"N";"Zanzan";0;"N4";"Transua";0;"N401";"Assuéfry";45293;7748;419,793413048632;288,273494397511;278,373266254144;43,587209985554;20,4507151422167;5501;13;475;77;9;1665;8
"CI140503";"N";"Zanzan";0;"N4";"Transua";0;"N402";"Kouassia-Niaguini";21522;2949;246,822308742877;253,490825203273;259,325015128819;78,7205779942735;16,1143299411472;1825;15;449;95;1;555;9
"CI140501";"N";"Zanzan";0;"N4";"Transua";1;"N403";"Transua";46026;8213;471,527588986377;267,850268715888;263,393249503606;64,0121839136963;0;6379;20;269;114;27;1401;3
"CI140402";"N";"Zanzan";0;"N5";"Tanda";0;"N501";"Amanvi";10141;2977;180,639341961383;307,916996696849;273,406410864545;37,9520918022809;19,4990816108587;2292;11;93;75;1;505;0
"CI140403";"N";"Zanzan";0;"N5";"Tanda";0;"N502";"Diamba";17045;3761;371,307516909331;278,793465312516;243,11895471948;67,8461328326503;24,8205181708014;1316;26;433;19;10;1957;0
"CI140401";"N";"Zanzan";0;"N5";"Tanda";1;"N503";"Tanda";69597;16100;716,950184855359;290,578092768434;267,056215206011;45,5918813204675;0;13231;75;546;51;16;2178;3
"CI140404";"N";"Zanzan";0;"N5";"Tanda";0;"N504";"Tchèdio";16740;3855;407,080910582414;299,590228271692;257,456027909146;54,5376474537157;24,4975701830049;3247;12;46;45;0;474;31
"CI080101";"N";"Zanzan";0;"N6";"Bouna";0;"N601";"Bouko";24550;3230;645,262181427895;473,258444937611;387,898308881595;161,798552715951;32,5641445333831;449;23;887;43;16;1762;50
"CI080102";"N";"Zanzan";0;"N6";"Bouna";1;"N602";"Bouna";94883;17285;2285,5359536951;448,648271386633;375,87296425265;130,747383542757;0;8232;288;3231;125;132;5244;33
"CI080103";"N";"Zanzan";0;"N6";"Bouna";0;"N603";"Ondéfidouo";33822;4855;738,838733325094;430,198707482427;364,281348768717;110,120949792828;20,673171296788;1655;40;818;8;21;2311;2
"CI080105";"N";"Zanzan";0;"N6";"Bouna";0;"N604";"Youndouo";24826;3494;1682,57162109085;408,349964042578;353,2047305543;84,1316435242298;47,1688245519537;546;9;1203;9;7;1717;3
"CI080104";"N";"Zanzan";0;"N6";"Bouna";0;"N60X";"Parc National de Bona";NA;NA;9117,431041322;422,714027400059;320,498047089452;146,277958634452;72,1553055020445;NA;NA;NA;NA;NA;NA;NA
"CI080201";"N";"Zanzan";0;"N7";"Doropo";0;"N701";"Danoa";13502;1465;358,732095695287;490,707398630257;405,021022828805;176,680704615535;30,97261537987;12;28;744;1;8;672;0
"CI080202";"N";"Zanzan";0;"N7";"Doropo";1;"N702";"Doropo";48225;8269;788,630191557345;494,615432173931;395,525981801696;192,492528601321;0;4237;111;1303;21;19;2572;6
"CI080203";"N";"Zanzan";0;"N7";"Doropo";0;"N703";"Kalamon";9236;1400;320,708442118058;502,854965761703;409,02354421367;194,127901709834;16,6059486186308;347;18;433;16;6;579;1
"CI080204";"N";"Zanzan";0;"N7";"Doropo";0;"N704";"Niamoué";22423;2493;543,214394154684;474,565477918706;375,582252441741;176,665011599734;20,498010387415;253;4;1249;47;9;930;1
"CI080302";"N";"Zanzan";0;"N8";"Nassian";0;"N801";"Bogofa";10544;1937;263,003387277257;377,498128413524;316,995720942088;68,262667235152;49,2282207560347;721;1;213;7;11;984;0
"CI080303";"N";"Zanzan";0;"N8";"Nassian";0;"N802";"Kakpin";8441;1719;458,694992603174;360,849169484967;260,667993614717;121,935481204683;37,0630190631461;249;4;786;4;29;634;13
"CI080304";"N";"Zanzan";0;"N8";"Nassian";0;"N803";"Koutouba";14209;2516;319,655290924998;370,004883925439;302,195213115772;74,8409551347558;33,2617393084923;1067;5;342;95;9;977;21
"CI080301";"N";"Zanzan";0;"N8";"Nassian";1;"N804";"Nassian";27159;6267;1220,16996637517;345,855247031438;269,160582162884;84,9549009494222;0;3545;167;599;87;51;1817;1
"CI080305";"N";"Zanzan";0;"N8";"Nassian";0;"N805";"Sominassé";11371;2079;561,19000550265;342,531869042937;247,728927082526;113,299673227384;30,514650463098;1049;9;460;38;25;497;1
"CI080402";"N";"Zanzan";0;"N9";"Téhini";0;"N901";"Gogo";23509;2328;690,069663523567;503,834495696231;391,36065767911;214,735233530008;20,6588594032112;193;6;796;3;84;1245;1
"CI080401";"N";"Zanzan";0;"N9";"Téhini";1;"N902";"Téhini";29755;3483;1006,13985979107;487,940730758475;371,47346911175;207,757776126042;0;412;67;1724;7;25;1244;4
"CI080403";"N";"Zanzan";0;"N9";"Téhini";0;"N903";"Tougbo";30582;3772;1169,97091772407;485,162121086495;354,111147176763;226,178763005604;36,5973624597787;484;51;2040;50;11;1133;3
