{"chunk_definitions":[{"row":11,"row_count":1,"visible":true,"expansion_state":0,"options":{"engine":"r","label":"setup","include":false,"dev":"png"},"document_id":"2EA7EB1F","chunk_id":"csetup_chunk","chunk_label":"setup"},{"row":27,"row_count":1,"visible":true,"expansion_state":0,"options":{"engine":"r","label":"load","dev":"png"},"document_id":"2EA7EB1F","chunk_id":"c8vqwggdwxhy2","chunk_label":"load"},{"row":37,"row_count":1,"visible":true,"expansion_state":0,"options":{"engine":"r","label":"unnamed-chunk-134","dev":"png"},"document_id":"2EA7EB1F","chunk_id":"cfxq08yppcx31","chunk_label":"unnamed-chunk-1"},{"row":57,"row_count":1,"visible":true,"expansion_state":0,"options":{"engine":"r","label":"unnamed-chunk-136","dev":"png"},"document_id":"2EA7EB1F","chunk_id":"ch837dey2oixq","chunk_label":"unnamed-chunk-3"},{"row":71,"row_count":1,"visible":true,"expansion_state":0,"options":{"engine":"r","label":"unnamed-chunk-137","dev":"png"},"document_id":"2EA7EB1F","chunk_id":"c4k0kqkakunel","chunk_label":"unnamed-chunk-4"},{"row":83,"row_count":1,"visible":true,"expansion_state":0,"options":{"engine":"r","label":"unnamed-chunk-138","dev":"png"},"document_id":"2EA7EB1F","chunk_id":"cvrmhakn1xlgb","chunk_label":"unnamed-chunk-5"},{"row":133,"row_count":1,"visible":true,"expansion_state":0,"options":{"engine":"r","label":"unnamed-chunk-142","dev":"png"},"document_id":"2EA7EB1F","chunk_id":"cv6y8s4wcboir","chunk_label":"unnamed-chunk-9"},{"row":249,"row_count":1,"visible":true,"expansion_state":0,"options":{"engine":"r","label":"unnamed-chunk-149","dev":"png"},"document_id":"2EA7EB1F","chunk_id":"c6h0dzsd50kmy","chunk_label":"unnamed-chunk-17"},{"row":272,"row_count":1,"visible":true,"expansion_state":0,"options":{"engine":"r","label":"unnamed-chunk-151","dev":"png"},"document_id":"2EA7EB1F","chunk_id":"c6vtojj2lcyj5","chunk_label":"unnamed-chunk-19"},{"row":284,"row_count":1,"visible":true,"expansion_state":0,"options":{"engine":"r","label":"unnamed-chunk-152","dev":"png"},"document_id":"2EA7EB1F","chunk_id":"cgnnwbcxtxrov","chunk_label":"unnamed-chunk-20"},{"row":293,"row_count":1,"visible":true,"expansion_state":0,"options":{"engine":"r","label":"unnamed-chunk-153","dev":"png"},"document_id":"2EA7EB1F","chunk_id":"cmas28pk2wybs","chunk_label":"unnamed-chunk-21"},{"row":318,"row_count":1,"visible":true,"expansion_state":0,"options":{"engine":"r","label":"unnamed-chunk-154","dev":"png"},"document_id":"2EA7EB1F","chunk_id":"cybn4s899pceo","chunk_label":"unnamed-chunk-22"},{"row":336,"row_count":1,"visible":true,"expansion_state":0,"options":{"engine":"r","label":"unnamed-chunk-155","dev":"png"},"document_id":"2EA7EB1F","chunk_id":"ch2lzioxgdk5b","chunk_label":"unnamed-chunk-23"},{"row":347,"row_count":1,"visible":true,"expansion_state":0,"options":{"engine":"r","label":"unnamed-chunk-156","dev":"png"},"document_id":"2EA7EB1F","chunk_id":"cq7n4g8ewmwqb","chunk_label":"unnamed-chunk-24"},{"row":357,"row_count":1,"visible":true,"expansion_state":0,"options":{"engine":"r","label":"unnamed-chunk-157","dev":"png"},"document_id":"2EA7EB1F","chunk_id":"cqwnjmole8bqx","chunk_label":"unnamed-chunk-25"},{"row":368,"row_count":1,"visible":true,"expansion_state":0,"options":{"engine":"r","label":"unnamed-chunk-158","dev":"png"},"document_id":"2EA7EB1F","chunk_id":"ce5lmueezwkza","chunk_label":"unnamed-chunk-26"},{"row":378,"row_count":1,"visible":true,"expansion_state":0,"options":{"engine":"r","label":"unnamed-chunk-160","dev":"png"},"document_id":"2EA7EB1F","chunk_id":"c93ukornvx9yq","chunk_label":"unnamed-chunk-27"}],"doc_write_time":1750059611}