"gdlcode";"continent";"iso_code";"sup";"lon";"lat";"country";"year";"region";"idh";"idh_vie";"idh_rev";"idh_edu";"edu_esp";"edu_moy";"esp_vie";"pib_hab";"pop"
"AGOr201";"Africa";"AGO";8065;12,474374374618;-5,05005402519606;"Angola";2002;" Cabinda";0,446;0,387;0,674;0,34;6,5;4,7;45,1;8650;217
"AGOr202";"Africa";"AGO";35856;13,5848161876111;-6,61213879120236;"Angola";2002;" Zaire";0,379;0,511;0,458;0,233;5,6;2,3;53,2;2070;291
"AGOr203";"Africa";"AGO";61854;15,4829288290976;-7,01170739907975;"Angola";2002;" Uige";0,39;0,424;0,536;0,261;5,7;3,1;47,5;3480;1271
"AGOr204";"Africa";"AGO";2235;13,311502602874;-8,97738675407226;"Angola";2002;" Luanda";0,507;0,467;0,75;0,372;6,4;5,8;50,3;14320;4369
"AGOr205";"Africa";"AGO";23939;14,9265293590761;-8,90285506102321;"Angola";2002;" Kuanza Norte";0,341;0,372;0,495;0,216;5,5;1,9;44,2;2650;418
"AGOr206";"Africa";"AGO";55613;15,0331567140399;-10,8280721002993;"Angola";2002;" Kuanza Sul";0,309;0,369;0,465;0,173;4;1,9;44;2170;675
"AGOr207";"Africa";"AGO";84090;16,9664454002467;-9,49919937645951;"Angola";2002;" Malange";0,367;0,499;0,494;0,2;5,6;1,3;52,4;2630;749
"AGOr208";"Africa";"AGO";108549;19,5170276842882;-8,62615850313544;"Angola";2002;" Lunda Norte";0,327;0,512;0,464;0,148;4,4;0,7;53,3;2160;455
"AGOr209";"Africa";"AGO";40369;14,0087631399985;-12,934441500646;"Angola";2002;" Benguela";0,413;0,372;0,629;0,301;5,6;4,3;44,2;6430;2067
"AGOr210";"Africa";"AGO";33132;15,7593114120012;-12,5640635895713;"Angola";2002;" Huambo";0,357;0,376;0,551;0,22;5,4;2,1;44,4;3830;1924
"AGOr211";"Africa";"AGO";72662;17,3669132388111;-12,3291177760716;"Angola";2002;" Bie";0,335;0,487;0,44;0,176;5;1,1;51,7;1850;1005
"AGOr212";"Africa";"AGO";199510;21,0418026499472;-12,8688388288083;"Angola";2002;" Moxico";0,346;0,454;0,478;0,191;4,7;1,8;49,5;2370;438
"AGOr213";"Africa";"AGO";201332;19,517706021559;-16,1204870161018;"Angola";2002;" Kuando Kubango";0,295;0,383;0,429;0,157;4,6;0,8;44,9;1710;96
"AGOr214";"Africa";"AGO";58332;12,7289098987743;-15,5129618189968;"Angola";2002;" Namibe";0,431;0,462;0,607;0,286;6,2;3,4;50;5550;403
"AGOr215";"Africa";"AGO";79743;14,9543784154759;-14,7605977409486;"Angola";2002;" Huila";0,391;0,396;0,583;0,259;5,4;3,3;45,7;4760;1707
"AGOr216";"Africa";"AGO";76411;15,5713342926254;-16,5217223228201;"Angola";2002;" Cunene";0,346;0,359;0,505;0,23;5,2;2,5;43,3;2820;401
"AGOr217";"Africa";"AGO";78148;20,6656811572979;-10,1822289937068;"Angola";2002;" Lunda Sul";0,334;0,466;0,436;0,184;5,9;0,6;50,3;1790;463
"AGOr218";"Africa";"AGO";34411;13,8859145839908;-8,95129295534858;"Angola";2002;" Bengo";0,35;0,38;0,528;0,214;5;2,2;44,7;3300;567
"BDIr101";"Africa";"BDI";6838;30,0614560767691;-2,77503147150368;"Burundi";2002;"North (Kayanza, Kirundo, Muyinga, Ngozi)";0,297;0,44;0,317;0,188;4,3;2,1;48,6;810;2188
"BDIr102";"Africa";"BDI";5702;29,6060893477705;-4,02291567724373;"Burundi";2002;"South (Bururi, Makamba)";0,32;0,497;0,319;0,208;5,6;1,6;52,3;820;1073
"BDIr103";"Africa";"BDI";6105;30,2956192232168;-3,50777695863957;"Burundi";2002;"East (Cankuzo, Rutana, Ruyigi )";0,296;0,473;0,303;0,181;4,4;1,8;50,7;740;469
"BDIr104";"Africa";"BDI";3554;29,3581445807744;-3,17257818431959;"Burundi";2002;"West (Bubanza, Buja Rural, Cibitoke, Mairie de Bujumbura)";0,337;0,465;0,34;0,242;5,9;2,4;50,2;950;1455
"BDIr105";"Africa";"BDI";4138;29,8978269892514;-3,33905657659148;"Burundi";2002;"Middle (Gitega, Karuzi, Muramvya, Mwaro)";0,32;0,467;0,314;0,224;5,2;2,4;50,4;800;1463
"BENr101";"Africa";"BEN";31434;1,65064989805272;10,2244767490489;"Benin";2002;"Atacora (incl Donga)";0,359;0,543;0,432;0,197;5,8;1,1;55,3;1740;962
"BENr102";"Africa";"BEN";3102;2,23525231214801;6,61821066713491;"Benin";2002;"Atlantique (incl Littoral (Cotonou))";0,533;0,621;0,563;0,433;9,7;4,9;60,3;4160;1543
"BENr103";"Africa";"BEN";53145;2,83733697974324;10,5745683457902;"Benin";2002;"Borgou (incl Alibori)";0,381;0,547;0,463;0,218;6;1,5;55,6;2150;1276
"BENr104";"Africa";"BEN";4168;1,81498355437521;6,80595056947187;"Benin";2002;"Mono (incl Couffo)";0,419;0,581;0,443;0,286;8,5;1,5;57,7;1880;909
"BENr105";"Africa";"BEN";4456;2,60824847277272;7,00673857441535;"Benin";2002;"Queme (incl Plateau)";0,443;0,57;0,5;0,305;7,9;2,6;57,1;2740;1261
"BENr106";"Africa";"BEN";19539;2,18048920330466;7,90787312291008;"Benin";2002;"Zou (incl Collines)";0,399;0,54;0,461;0,256;7;1,9;55,1;2120;1481
"BFAr101";"Africa";"BFA";35803;-3,5213014483214;12,5526390348975;"Burkina Faso";2002;"Boucle de Mouhoun";0,262;0,488;0,362;0,102;2,8;0,7;51,7;1100;1104
"BFAr102";"Africa";"BFA";18350;-4,56519357366374;10,3467449908891;"Burkina Faso";2002;"Cascades";0,307;0,467;0,405;0,153;3,8;1,4;50,3;1460;402
"BFAr103";"Africa";"BFA";2616;-1,52319097927571;12,3471226234895;"Burkina Faso";2002;"Centre (incl Ouagadougou)";0,503;0,561;0,514;0,44;8,9;5,8;56,4;3000;1329
"BFAr104";"Africa";"BFA";14569;-0,189667926352958;11,6433946479546;"Burkina Faso";2002;"Centre-Est";0,3;0,503;0,385;0,139;3,8;1;52,7;1280;1061
"BFAr105";"Africa";"BFA";19379;-0,963903647321775;13,2589297924121;"Burkina Faso";2002;"Centre-Nord";0,254;0,478;0,362;0,094;2,7;0,6;51,1;1100;1152
"BFAr106";"Africa";"BFA";23533;-2,20355014560326;11,8161152557427;"Burkina Faso";2002;"Centre-Ouest";0,283;0,468;0,38;0,128;3,5;0,9;50,4;1240;986
"BFAr107";"Africa";"BFA";11113;-1,14788947609923;11,5697648008105;"Burkina Faso";2002;"Centre-Sud";0,281;0,534;0,381;0,109;3,1;0,7;54,7;1250;734
"BFAr108";"Africa";"BFA";46679;0,911226210941738;12,2281063149236;"Burkina Faso";2002;"Est";0,204;0,492;0,348;0,049;1,4;0,3;52;1000;1044
"BFAr109";"Africa";"BFA";26141;-4,34312875448503;11,3579497748772;"Burkina Faso";2002;"Hauts Bassins";0,334;0,484;0,422;0,183;4,3;1,9;51,5;1630;1525
"BFAr110";"Africa";"BFA";16899;-2,26583883257219;13,451079172196;"Burkina Faso";2002;"Nord";0,254;0,458;0,369;0,097;2,7;0,7;49,8;1150;1221
"BFAr111";"Africa";"BFA";7351;-1,10069470252208;12,4274817042343;"Burkina Faso";2002;"Plateau Central";0,259;0,515;0,366;0,093;2,8;0,4;53,5;1130;700
"BFAr112";"Africa";"BFA";37073;-0,456590619584086;14,1474212319667;"Burkina Faso";2002;"Sahel";0,2;0,448;0,334;0,053;1,5;0,4;49,1;910;791
"BFAr113";"Africa";"BFA";15699;-3,25799805336118;10,4959628539893;"Burkina Faso";2002;"Sud-Ouest";0,253;0,487;0,347;0,096;2,5;0,8;51,7;1000;583
"BWAr101";"Africa";"BWA";147673;26,2681522185146;-21,5223996915422;"Botswana";2002;"Central";0,552;0,454;0,682;0,544;11,4;6,8;49,5;9130;599
"BWAr102";"Africa";"BWA";114900;22,5986959422437;-22,2976724729521;"Botswana";2002;"Ghanzi";0,522;0,476;0,666;0,45;9,4;5,7;50,9;8220;35
"BWAr103";"Africa";"BWA";106215;21,7435016619939;-24,8658033026744;"Botswana";2002;"Kgalagadi";0,522;0,408;0,668;0,521;11,1;6,4;46,5;8350;45
"BWAr104";"Africa";"BWA";7895;26,3658963525209;-24,1590373264148;"Botswana";2002;"Kgatleng";0,598;0,515;0,72;0,578;12;7,4;53,5;11720;81
"BWAr105";"Africa";"BWA";37272;24,701607754366;-23,8689275611697;"Botswana";2002;"Kweneng";0,563;0,479;0,681;0,546;11,6;6,8;51,2;9100;250
"BWAr106";"Africa";"BWA";5082;27,5499646697967;-20,9962211728669;"Botswana";2002;"North-East";0,621;0,507;0,733;0,645;11,8;9,5;53;12840;141
"BWAr107";"Africa";"BWA";111146;22,762618707497;-19,6108252379134;"Botswana";2002;"North-West, Ngamiland";0,521;0,427;0,65;0,512;11,1;6,1;47,7;7370;132
"BWAr108";"Africa";"BWA";1865;25,8454686127233;-24,8609585084417;"Botswana";2002;"South-East";0,661;0,505;0,781;0,733;12,3;11,8;52,8;17650;293
"BWAr109";"Africa";"BWA";27822;24,4688178226502;-24,9282521488823;"Botswana";2002;"Southern";0,552;0,466;0,683;0,527;11,4;6,3;50,3;9200;202
"BWAr110";"Africa";"BWA";20317;24,8046173993789;-18,5315579142397;"Botswana";2002;"Chobe";0,591;0,474;0,711;0,612;11,2;9;50,8;11060;17
"CAFr101";"Africa";"CAF";85409;18,4586187288422;5,50165402317756;"Central African Republic CAR";2002;"RS I (Ombella Mpoko, Lobaye, Kemo, Nana Grebizi, Ouaka)";0,322;0,381;0,359;0,243;5,4;2,8;44,8;1080;783
"CAFr102";"Africa";"CAF";75948;15,8131858628205;4,7110315628184;"Central African Republic CAR";2002;"RS II (Mambera Kadei, Nana Mambere, Sangha Mbaere)";0,289;0,375;0,359;0,18;3,9;2,1;44,4;1080;807
"CAFr103";"Africa";"CAF";86536;17,2295855486731;6,85440963409152;"Central African Republic CAR";2002;"RS III (Ouham Pende, Ouham)";0,281;0,38;0,351;0,166;4;1,6;44,7;1020;723
"CAFr104";"Africa";"CAF";242552;21,8179212211532;7,86513098585112;"Central African Republic CAR";2002;"RS IV (Haute-Kotto, Baminigui Bangoran, Vakaga)";0,304;0,398;0,353;0,201;4,4;2,3;45,9;1030;393
"CAFr105";"Africa";"CAF";134754;24,0713679462002;5,77042525203333;"Central African Republic CAR";2002;"RS V (Basse Kotto, Mbornou, Houte Mbormou)";0,272;0,375;0,34;0,157;3,6;1,7;44,4;950;460
"CAFr106";"Africa";"CAF";52;18,6022345898038;4,36932307234241;"Central African Republic CAR";2002;"Bangui";0,439;0,473;0,454;0,395;7,7;5,4;50,7;2020;764
"CIVr101";"Africa";"CIV";2257;-4,05344026454906;5,4159158291866;"Cote d'Ivoire";2002;"Abidjan";0,581;0,543;0,582;0,622;8,6;11,5;55,3;4710;3757
"CIVr102";"Africa";"CIV";1262;-5,29102794197064;6,79808418604055;"Cote d'Ivoire";2002;"Yamoussoukro";0,636;0,659;0,607;0,643;10,7;10,4;62,9;5560;154
"CIVr103";"Africa";"CIV";28230;-6,66869583555124;5,3645901997547;"Cote d'Ivoire";2002;"Bas Sassandra";0,429;0,502;0,483;0,325;5,6;5,1;52,6;2450;729
"CIVr104";"Africa";"CIV";14783;-3,3062599701413;6,05706290203258;"Cote d'Ivoire";2002;"Comoe";0,415;0,477;0,488;0,306;5,8;4,3;51;2520;1031
"CIVr105";"Africa";"CIV";21212;-7,37495906762145;9,66096006957621;"Cote d'Ivoire";2002;"Denguele";0,353;0,43;0,52;0,196;4,3;2,3;47,9;3130;525
"CIVr106";"Africa";"CIV";16404;-5,61187059203676;5,9836514303413;"Cote d'Ivoire";2002;"Goh-Djiboua";0,448;0,486;0,453;0,409;7,7;5,8;51,6;2010;944
"CIVr107";"Africa";"CIV";27252;-4,44098482687861;7,07226947173744;"Cote d'Ivoire";2002;"Lacs";0,418;0,51;0,467;0,306;6,4;3,9;53,2;2200;1513
"CIVr108";"Africa";"CIV";19671;-4,32392473960859;5,84479364978326;"Cote d'Ivoire";2002;"Lagunes";0,479;0,481;0,489;0,466;8,2;7,1;51,3;2550;1410
"CIVr109";"Africa";"CIV";29734;-7,64504912052417;6,92681224643414;"Cote d'Ivoire";2002;"Montagnes";0,4;0,442;0,437;0,332;6,5;4,6;48,7;1810;1880
"CIVr110";"Africa";"CIV";24006;-6,33121448969502;7,07645692813713;"Cote d'Ivoire";2002;"Sassandra-Marahoue";0,427;0,507;0,452;0,339;6,4;4,9;53;2000;2224
"CIVr111";"Africa";"CIV";39189;-5,54880539945517;9,56141217480057;"Cote d'Ivoire";2002;"Savanes";0,423;0,504;0,477;0,314;6,2;4,3;52,7;2350;864
"CIVr112";"Africa";"CIV";26631;-4,92449386563045;8,27264705268036;"Cote d'Ivoire";2002;"Vallee du Bandama";0,465;0,475;0,5;0,423;8,6;5,6;50,9;2740;716
"CIVr113";"Africa";"CIV";31687;-6,71867999073598;8,36370935758779;"Cote d'Ivoire";2002;"Woroba";0,243;0,418;0,408;0,084;1,8;1;47,2;1490;791
"CIVr114";"Africa";"CIV";38997;-3,34524308461416;8,68186048223421;"Cote d'Ivoire";2002;"Zanzan";0,348;0,436;0,449;0,216;4,4;2,8;48,3;1960;1149
"CMRr101";"Africa";"CMR";64403;13,1196183034945;6,85786009159105;"Cameroon";2002;"Adamaoua";0,399;0,511;0,496;0,25;6,8;1,8;53,2;2660;676
"CMRr102";"Africa";"CMR";69053;11,8328034334307;4,67212889246272;"Cameroon";2002;"Centre (incl Yaounde)";0,507;0,553;0,552;0,426;9,9;4,5;56;3860;2762
"CMRr103";"Africa";"CMR";110321;14,2106207797034;3,79230890498004;"Cameroon";2002;"Est";0,421;0,48;0,47;0,332;8,4;2,9;51,2;2240;928
"CMRr104";"Africa";"CMR";35860;14,5301110879898;11,0759634754467;"Cameroon";2002;"Extreme Nord";0,325;0,464;0,44;0,168;5,1;0,8;50,2;1840;2803
"CMRr105";"Africa";"CMR";20343;10,1254389505046;4,22521357500154;"Cameroon";2002;"Littoral (incl Douala)";0,541;0,598;0,588;0,45;10,3;4,9;58,9;4910;2021
"CMRr106";"Africa";"CMR";65386;13,9337719240428;8,48195809648703;"Cameroon";2002;"Nord";0,338;0,453;0,453;0,189;5,5;1;49,4;2010;1498
"CMRr107";"Africa";"CMR";17544;10,3993475924581;6,34207642440242;"Cameroon";2002;"Nord Ouest";0,474;0,6;0,488;0,365;9,3;3,2;59;2530;1758
"CMRr108";"Africa";"CMR";13747;10,6410673012093;5,45338373341339;"Cameroon";2002;"Ouest";0,484;0,573;0,514;0,385;10,1;3,1;57,2;3010;1689
"CMRr109";"Africa";"CMR";46809;11,5909588074789;2,74245152759662;"Cameroon";2002;"Sud";0,471;0,513;0,5;0,407;9,9;4;53,3;2740;665
"CMRr110";"Africa";"CMR";25572;9,306647464113;5,21916624926578;"Cameroon";2002;"Sud Ouest";0,489;0,533;0,536;0,409;9,4;4,4;54,6;3470;1115
"CODr101";"Africa";"COD";9662;15,9199331992659;-4,45134630668089;"Congo Democratic Republic";2002;"Kinshasa";0,506;0,58;0,423;0,53;8,8;8,5;57,7;1640;6748
"CODr102";"Africa";"COD";54148;14,3235846776134;-5,2950805432858;"Congo Democratic Republic";2002;"Bas-Congo";0,365;0,465;0,286;0,367;7,1;5,1;50,2;670;2058
"CODr103";"Africa";"COD";298632;18,3570988511032;-4,3800933031774;"Congo Democratic Republic";2002;"Bandundu";0,356;0,499;0,251;0,36;6,9;5,1;52,4;530;7326
"CODr104";"Africa";"COD";398635;20,573895026365;1,05647770489443;"Congo Democratic Republic";2002;"Equateur";0,345;0,484;0,247;0,343;7,1;4,4;51,4;510;6713
"CODr105";"Africa";"COD";508550;26,3454839432549;2,08584484393522;"Congo Democratic Republic";2002;"Orientale";0,323;0,47;0,258;0,279;5,9;3,5;50,6;550;6117
"CODr106";"Africa";"COD";59347;28,7260253607546;-0,601768642728454;"Congo Democratic Republic";2002;"Nord-Kivu";0,34;0,578;0,273;0,249;5,5;2,9;57,6;610;1947
"CODr107";"Africa";"COD";63715;28,2914085965536;-3,209729638827;"Congo Democratic Republic";2002;"Sud-Kivu";0,36;0,464;0,299;0,338;7;4,3;50,2;720;2361
"CODr108";"Africa";"COD";129969;26,4444839276915;-3,08123266608557;"Congo Democratic Republic";2002;"Maniema";0,358;0,439;0,274;0,38;8;4,7;48,5;610;1698
"CODr109";"Africa";"COD";487626;26,4174986267217;-8,73670399674505;"Congo Democratic Republic";2002;"Katanga";0,393;0,499;0,308;0,394;7,4;5,7;52,5;770;5435
"CODr110";"Africa";"COD";172830;23,9356748762204;-4,49270651609712;"Congo Democratic Republic";2002;"Kasai Oriental";0,388;0,511;0,299;0,382;7,3;5,3;53,2;720;6266
"CODr111";"Africa";"COD";154048;21,6203335142853;-5,42618011988134;"Congo Democratic Republic";2002;"Kasai Occidental";0,347;0,494;0,247;0,342;6,3;5;52,1;510;4995
"COGr201";"Africa";"COG";13766;11,9546563723167;-4,24587345230927;"Congo Brazzaville";2002;" Kouilou";0,44;0,527;0,453;0,357;7,1;4,8;54,3;2000;135
"COGr202";"Africa";"COG";24471;12,5086736572388;-3,11076818237454;"Congo Brazzaville";2002;" Niari";0,487;0,609;0,455;0,418;8,1;5,8;59,6;2030;332
"COGr203";"Africa";"COG";21233;13,5080322520886;-3,10333846750967;"Congo Brazzaville";2002;" Lekoumou";0,441;0,47;0,46;0,396;7,8;5,4;50,6;2100;111
"COGr204";"Africa";"COG";13635;13,5777854812981;-4,10710465391769;"Congo Brazzaville";2002;" Bouenza";0,464;0,48;0,477;0,436;8,5;6;51,2;2350;384
"COGr205";"Africa";"COG";35376;15,0488464937786;-3,67731554878405;"Congo Brazzaville";2002;" Pool";0,453;0,546;0,431;0,396;8;5,2;55,5;1740;177
"COGr206";"Africa";"COG";40113;15,3834214258329;-2,0963748710894;"Congo Brazzaville";2002;" Plateaux";0,452;0,504;0,445;0,411;8,2;5,5;52,7;1900;180
"COGr207";"Africa";"COG";45133;16,0186271676554;-0,582548081631538;"Congo Brazzaville";2002;" Cuvette";0,474;0,526;0,442;0,46;9,1;6,2;54,2;1860;137
"COGr208";"Africa";"COG";24407;14,6416272260155;0,0603918066878399;"Congo Brazzaville";2002;" Cuvette Ouest";0,474;0,522;0,452;0,45;8,8;6,1;53,9;2000;85
"COGr209";"Africa";"COG";57721;15,3931359363225;1,37719308196239;"Congo Brazzaville";2002;" Sangha";0,434;0,437;0,483;0,388;7,1;5,7;48,4;2440;48
"COGr210";"Africa";"COG";66375;17,4526602125745;1,93291277999698;"Congo Brazzaville";2002;" Likouala";0,5;0,535;0,486;0,482;8,7;7,2;54,8;2490;172
"COGr211";"Africa";"COG";61;15,2750068212255;-4,27233028045637;"Congo Brazzaville";2002;" Brazzaville";0,581;0,563;0,607;0,573;9,5;9,2;56,6;5570;1060
"COGr212";"Africa";"COG";28;11,8743783553118;-4,79126850801876;"Congo Brazzaville";2002;" Pointe Noire";0,564;0,574;0,592;0,529;8,9;8,4;57,3;5030;511
"COMr101";"Africa";"COM";649;43,3886484366798;-11,7117347230353;"Comoros";2002;"Grande Comore (Ngazidja)";0,492;0,605;0,522;0,376;9,6;3,3;59,4;3170;282
"COMr102";"Africa";"COM";139;43,727624542581;-12,3344155656306;"Comoros";2002;"Moheli";0,456;0,561;0,484;0,349;8,7;3,2;56,5;2470;37
"COMr103";"Africa";"COM";348;44,4348437013121;-12,2158941249592;"Comoros";2002;"Anjouan (Ndzouani)";0,448;0,602;0,492;0,304;7,8;2,7;59,1;2600;240
"CPVr101";"Africa";"CPV";392;-25,2055319026508;17,0230729129431;"Cape Verde";2002;"S.Antao";0,589;0,78;0,571;0,458;10,5;5;70,7;4390;52
"CPVr102";"Africa";"CPV";138;-24,955513967022;16,8541413729977;"Cape Verde";2002;"S.Vicente";0,629;0,78;0,611;0,523;11,9;5,7;70,7;5700;92
"CPVr103";"Africa";"CPV";644;-23,6577765384502;15,0982308204037;"Cape Verde";2002;"Santiago-Interior";0,554;0,78;0,548;0,398;9,1;4,4;70,7;3760;134
"CPVr104";"Africa";"CPV";54;-23,5338756838799;14,9508949810977;"Cape Verde";2002;"Santiago- Praia";0,639;0,78;0,604;0,555;12,7;6,1;70,7;5460;155
"CPVr105";"Africa";"CPV";176;-24,395876804162;14,9097848116421;"Cape Verde";2002;"Fogo";0,612;0,78;0,578;0,509;11,6;5,6;70,7;4580;41
"CPVr106";"Africa";"CPV";155;-24,323553460385;16,5775607397858;NA;NA;NA;NA;NA;NA;NA;NA;NA;NA;NA;NA
"DJIr101";"Africa";"DJI";105;43,0791265086464;11,5764345732086;"Djibouti";2002;"Djibouti";0,352;0,557;0,448;0,174;3,6;2,2;56,2;1940;666
"DJIr102";"Africa";"DJI";20873;42,5556754023646;11,7157436060805;"Djibouti";2002;"Other Districts";0,313;0,661;0,357;0,13;3,4;1,1;62,9;1060;123
"DZAr101";"Africa";"DZA";29662;2,80912561984951;36,2635463693982;"Algeria";2002;"Nord Centre (Alger, Blida, Boumerdes, Tipaza, Bouira, Medea, Tizi-Ouzou, Bejaia, Chlef, Ain Defla)";0,695;0,805;0,697;0,598;12,5;7,5;72,4;10100;9985
"DZAr102";"Africa";"DZA";24923;7,1493564607117;36,5027969687839;"Algeria";2002;"Nord Est (Annaba, Constantine, Skikda, Jijel, Mila, Souk Ahras, El Tarf, Guelma)";0,672;0,805;0,67;0,562;11,7;7,2;72,3;8420;4821
"DZAr103";"Africa";"DZA";36007;-0,429836722421682;35,1604105408809;"Algeria";2002;"Nord Ouest (Oran, Tlemcen, Mostaganem, Ain Temouchent, Relizane, Sidi Bel Abbes, Mascara)";0,646;0,776;0,675;0,516;10,9;6,4;70,4;8700;5651
"DZAr104";"Africa";"DZA";78005;3,4741098660094;34,3297360481902;"Algeria";2002;"Hauts Plateaux Centre (Djelfa, Laghouat, MSila)";0,633;0,761;0,669;0,499;11,5;5,4;69,5;8400;2478
"DZAr105";"Africa";"DZA";55215;6,53004687475646;35,5182412287803;"Algeria";2002;"Hauts Plateaux Est (Setif, Batna, Khenchela, Bordj Bou Arreridj, Oum El Bouaghi, Tebessa)";0,661;0,797;0,671;0,541;12,2;6;71,8;8520;4449
"DZAr106";"Africa";"DZA";131420;0,630631919711216;33,2923904608816;"Algeria";2002;"Hauts Plateaux Ouest (Tiaret, Saida, Tissemsilt, Naama, El Bayadh)";0,646;0,781;0,665;0,519;11,6;5,9;70,8;8190;1741
"DZAr107";"Africa";"DZA";1958818;2,6958018085118;26,8734427238902;"Algeria";2002;"Sud (Bechar, Tindouf, Adrar, Ghardaia, Biskra, El Oued, Ouargla, Tamanrasset,Illizi)";0,659;0,757;0,68;0,556;12;6,7;69,2;9020;2500
"EGYr101";"Africa";"EGY";2744;31,5857260812798;29,9634082383429;"Egypt";2002;"Cairo";0,719;0,804;0,709;0,651;12,5;9,1;72,3;10940;8226
"EGYr102";"Africa";"EGY";2528;29,742666302817;30,7930584032843;"Egypt";2002;"Alexandria";0,691;0,778;0,703;0,603;11,6;8,4;70,6;10470;4339
"EGYr103";"Africa";"EGY";1472;32,2373521627277;31,1190188496038;"Egypt";2002;"Port Said";0,732;0,832;0,721;0,655;12,8;9;74,1;11820;611
"EGYr104";"Africa";"EGY";9223;32,2421445773685;29,6927105346589;"Egypt";2002;"Suez";0,701;0,803;0,717;0,597;11,7;8,2;72,2;11540;550
"EGYr105";"Africa";"EGY";70;31,864295100392;31,3885323157287;"Egypt";2002;"Damietta";0,65;0,79;0,685;0,506;11,1;6;71,4;9300;954
"EGYr106";"Africa";"EGY";4229;31,548381826589;31,1163117830468;"Egypt";2002;"Dakahlia";0,647;0,783;0,678;0,51;11,3;5,9;70,9;8900;5189
"EGYr107";"Africa";"EGY";4596;31,7777647471679;30,6746309067852;"Egypt";2002;"Sharkia";0,624;0,76;0,647;0,494;10,9;5,8;69,4;7260;5094
"EGYr108";"Africa";"EGY";1515;31,3236323947517;30,3232239671461;"Egypt";2002;"Kalyubia";0,644;0,747;0,677;0,529;10,7;6,9;68,5;8820;4005
"EGYr109";"Africa";"EGY";3965;30,9062996575347;31,335730453911;"Egypt";2002;"Kafr El-Sheikh";0,625;0,776;0,657;0,479;11,1;5,1;70,5;7720;2671
"EGYr110";"Africa";"EGY";2247;31,0272920357976;30,8601225427849;"Egypt";2002;"Gharbia";0,668;0,783;0,678;0,561;11,9;6,9;70,9;8890;4646
"EGYr111";"Africa";"EGY";1993;30,954942417448;30,4379241042188;"Egypt";2002;"Menoufia";0,651;0,776;0,657;0,541;11,4;6,7;70,4;7750;3245
"EGYr112";"Africa";"EGY";11726;30,2886401612633;30,6339636070024;"Egypt";2002;"Behera";0,607;0,785;0,643;0,444;10,2;4,8;71;7070;4586
"EGYr113";"Africa";"EGY";5749;32,372772901137;30,5194417152687;"Egypt";2002;"Ismailia";0,676;0,779;0,694;0,572;11,6;7,5;70,6;9900;741
"EGYr114";"Africa";"EGY";36966;29,5056329173759;28,8542165009206;"Egypt";2002;"Giza";0,656;0,76;0,683;0,544;11;7,1;69,4;9200;6884
"EGYr115";"Africa";"EGY";10935;31,0720175172644;28,8244735401223;"Egypt";2002;"Beni Suef";0,552;0,718;0,595;0,394;8,8;4,5;66,6;5140;2178
"EGYr116";"Africa";"EGY";5163;30,5554115660589;29,2965378723002;"Egypt";2002;"Fayoum";0,559;0,741;0,6;0,392;9,3;4;68,2;5310;2462
"EGYr117";"Africa";"EGY";31286;30,5952996368851;28,0883217533065;"Egypt";2002;"Menya";0,552;0,686;0,582;0,422;9,8;4,5;64,6;4720;4204
"EGYr118";"Africa";"EGY";16294;31,6035353194062;27,316768859093;"Egypt";2002;"Assuit";0,566;0,697;0,619;0,422;9,4;4,8;65,3;6010;3928
"EGYr119";"Africa";"EGY";9584;32,1421252272986;26,6630710665951;"Egypt";2002;"Souhag";0,564;0,685;0,614;0,426;10,3;4,2;64,5;5830;4279
"EGYr120";"Africa";"EGY";13930;32,9252037289596;25,9670721048874;"Egypt";2002;"Qena";0,579;0,675;0,625;0,46;10,8;4,8;63,9;6280;3537
"EGYr121";"Africa";"EGY";61470;32,5973364936652;23,3478777463232;"Egypt";2002;"Aswan";0,627;0,708;0,661;0,526;11,1;6,6;66;7930;1117
"EGYr122";"Africa";"EGY";748462;29,2793864830357;26,277443895831;"Egypt";2002;"Frontier governorates (Red Sea, New Valley, Matroh, North Sainai, South Sainai)";0,642;0,786;0,662;0,509;10,2;6,7;71,1;8030;947
"ERIr101";"Africa";"ERI";23627;41,7571827454458;13,5889981104868;NA;NA;NA;NA;NA;NA;NA;NA;NA;NA;NA;NA
"ERIr102";"Africa";"ERI";1008;38,853884102379;15,3722055059048;NA;NA;NA;NA;NA;NA;NA;NA;NA;NA;NA;NA
"ERIr103";"Africa";"ERI";33823;39,0249071010686;16,1412642401585;NA;NA;NA;NA;NA;NA;NA;NA;NA;NA;NA;NA
"ERIr104";"Africa";"ERI";20800;37,7405266234465;16,4603351305498;NA;NA;NA;NA;NA;NA;NA;NA;NA;NA;NA;NA
"ERIr105";"Africa";"ERI";33164;37,4195013484591;15,1837565316528;NA;NA;NA;NA;NA;NA;NA;NA;NA;NA;NA;NA
"ERIr106";"Africa";"ERI";9091;38,9604641322654;14,8032826908714;NA;NA;NA;NA;NA;NA;NA;NA;NA;NA;NA;NA
"ETHr101";"Africa";"ETH";52865;38,4445227646804;13,7674483228343;"Ethiopia";2002;"Tigray";0,314;0,514;0,309;0,195;5,6;1,2;53,4;780;4565
"ETHr102";"Africa";"ETH";95130;40,7723856855483;11,9879420024323;"Ethiopia";2002;"Affar";0,238;0,473;0,295;0,097;2,5;0,8;50,7;710;765
"ETHr103";"Africa";"ETH";153220;38,0746144375245;11,5658973284365;"Ethiopia";2002;"Amhara";0,277;0,475;0,287;0,157;4,6;0,9;50,9;670;18219
"ETHr104";"Africa";"ETH";325704;38,7872771377624;7,50723040487874;"Ethiopia";2002;"Oromiya";0,303;0,488;0,299;0,191;5;1,6;51,7;720;26660
"ETHr105";"Africa";"ETH";313050;43,3439466579995;6,91605363903701;"Ethiopia";2002;"Somali";0,227;0,514;0,293;0,078;1,9;0,8;53,4;700;1790
"ETHr106";"Africa";"ETH";51930;35,4609157776239;10,525142983372;"Ethiopia";2002;"Ben-Gumz";0,298;0,465;0,289;0,196;5,4;1,3;50,2;680;688
"ETHr107";"Africa";"ETH";110380;36,8257724218572;6,47298537269654;"Ethiopia";2002;"SNNP";0,305;0,477;0,297;0,201;5,2;1,7;51;710;15431
"ETHr108";"Africa";"ETH";30971;34,3144027572563;7,70820257498497;"Ethiopia";2002;"Gambela";0,346;0,453;0,305;0,301;7,8;2,6;49,4;750;186
"ETHr109";"Africa";"ETH";191;42,1492052951803;9,27155777781302;"Ethiopia";2002;"Harari";0,409;0,503;0,391;0,347;7,2;4,4;52,7;1330;170
"ETHr110";"Africa";"ETH";281;38,7807736395781;8,99685152556577;"Ethiopia";2002;"Addis";0,532;0,589;0,489;0,523;9,5;7,8;58,3;2540;2301
"ETHr111";"Africa";"ETH";587;41,9409311732836;9,60926642866287;"Ethiopia";2002;"Dire Dawa";0,415;0,489;0,417;0,35;7,1;4,6;51,8;1580;298
"GABr101";"Africa";"GAB";19608;10,0486710259493;0,283593891866364;"Gabon";2002;"Estuaire";0,595;0,601;0,703;0,499;11,3;5,6;59;10510;88
"GABr102";"Africa";"GAB";33547;13,7221653599407;-1,3337447536096;"Gabon";2002;"Haut Ogooue";0,638;0,71;0,735;0,497;11,5;5,3;66,2;13000;140
"GABr103";"Africa";"GAB";16987;10,6020315019431;-0,437101027289471;"Gabon";2002;"Moyen Ogooue";0,609;0,665;0,693;0,491;11,4;5,3;63,2;9820;58
"GABr104";"Africa";"GAB";39542;11,2345781624072;-1,63727290876279;"Gabon";2002;"Ngounie";0,563;0,645;0,64;0,432;11,3;3,5;61,9;6900;88
"GABr105";"Africa";"GAB";21980;11,1243459065634;-3,0491129000894;"Gabon";2002;"Nyanga";0,565;0,625;0,643;0,448;11,5;3,9;60,6;7080;47
"GABr106";"Africa";"GAB";44036;12,8531431878189;0,471998030710428;"Gabon";2002;"Ogooue Ivindo";0,567;0,628;0,63;0,461;11,1;4,6;60,8;6460;63
"GABr107";"Africa";"GAB";28009;12,6517025708246;-0,836139268257365;"Gabon";2002;"Ogooue Lolo";0,581;0,696;0,666;0,422;11;3,5;65,2;8230;51
"GABr108";"Africa";"GAB";23942;9,69767933682111;-1,62183603154774;"Gabon";2002;"Ogooue Maritime";0,605;0,678;0,695;0,469;10,7;5,1;64,1;9950;20
"GABr109";"Africa";"GAB";37863;11,953160869341;1,39696134616989;"Gabon";2002;"Woleu Ntem";0,565;0,552;0,659;0,496;11,6;5,2;55,9;7860;101
"GHAr101";"Africa";"GHA";24382;-2,42293858765271;5,72477584788282;"Ghana";2002;"Western";0,519;0,594;0,494;0,476;7,6;7,9;58,6;2640;1995
"GHAr102";"Africa";"GHA";9772;-1,22333699047048;5,5625245699519;"Ghana";2002;"Central";0,497;0,613;0,48;0,417;7,3;6,4;59,9;2390;1804
"GHAr103";"Africa";"GHA";3756;0,0466991428509981;5,80046586945987;"Ghana";2002;"Greater Accra";0,627;0,667;0,617;0,599;8,4;11;63,3;5950;2792
"GHAr104";"Africa";"GHA";21133;0,378105013236188;7,29471477058287;"Ghana";2002;"Volta";0,504;0,597;0,461;0,466;8;7,3;58,8;2110;2014
"GHAr105";"Africa";"GHA";19519;-0,44738828033261;6,43360201673667;"Ghana";2002;"Eastern";0,522;0,623;0,488;0,468;7,3;7,9;60,5;2530;2309
"GHAr106";"Africa";"GHA";24565;-1,46609676282035;6,7841303243031;"Ghana";2002;"Ashanti";0,527;0,597;0,516;0,475;7,4;8,1;58,8;3040;3832
"GHAr107";"Africa";"GHA";40121;-1,68262384616346;7,70552241257394;"Ghana";2002;"Brong Ahafo";0,5;0,615;0,476;0,426;7,4;6,6;60;2340;2048
"GHAr108";"Africa";"GHA";68435;-0,959431672625032;9,35845865853349;"Ghana";2002;"Northern";0,366;0,523;0,462;0,203;4,9;2;54;2130;2028
"GHAr109";"Africa";"GHA";20441;-2,18620152126804;10,4090211928243;"Ghana";2002;"Upper West";0,362;0,483;0,446;0,22;5,5;2;51,4;1910;622
"GHAr110";"Africa";"GHA";8356;-0,769421918651531;10,7811411224583;"Ghana";2002;"Upper East";0,387;0,627;0,456;0,202;5,1;1,8;60,8;2050;1315
"GINr101";"Africa";"GIN";33082;-13,7536375930858;11,3723432422652;"Guinea";2002;"Boke";0,336;0,53;0,412;0,174;5,1;1;54,5;1530;993
"GINr102";"Africa";"GIN";321;-13,5976911697669;9,58542714538627;"Guinea";2002;"Conakry";0,544;0,652;0,607;0,406;9,3;4,5;62,4;5540;1232
"GINr103";"Africa";"GIN";38394;-10,6525656914847;10,4599302692978;"Guinea";2002;"Faranah";0,348;0,515;0,399;0,205;6;1,2;53,4;1400;693
"GINr104";"Africa";"GIN";70672;-9,31283041922189;10,5625828606629;"Guinea";2002;"Kankan";0,298;0,495;0,413;0,13;3,8;0,8;52,2;1540;1104
"GINr105";"Africa";"GIN";27678;-13,1091775152554;10,2319054933173;"Guinea";2002;"Kindia";0,333;0,493;0,421;0,178;5,5;0,8;52;1620;1166
"GINr106";"Africa";"GIN";22680;-12,0076993374333;11,7565484447996;"Guinea";2002;"Labe";0,316;0,532;0,401;0,148;4,6;0,6;54,6;1420;897
"GINr107";"Africa";"GIN";16602;-12,0643834521989;10,6423247491727;"Guinea";2002;"Mamou";0,317;0,504;0,403;0,157;5,1;0,4;52,7;1440;605
"GINr108";"Africa";"GIN";36691;-8,8378458782906;8,43520043084933;"Guinea";2002;"N Zerekore";0,351;0,488;0,4;0,222;6,1;1,6;51,7;1420;1888
"GMBr101";"Africa";"GMB";5;-16,5936461608096;13,4502332178137;"Gambia";2002;"Banjul";0,514;0,663;0,549;0,374;8;4,5;63,1;3780;192
"GMBr102";"Africa";"GMB";33;-16,6483350227442;13,4455944509701;"Gambia";2002;"Kanifing";0,492;0,64;0,519;0,358;7,9;4,2;61,6;3100;266
"GMBr103";"Africa";"GMB";2151;-16,3786700538486;13,2233910668051;"Gambia";2002;"Brikama";0,415;0,614;0,419;0,277;7,4;2,2;59,9;1610;251
"GMBr104";"Africa";"GMB";1133;-15,7456605865354;13,3828707534276;"Gambia";2002;"Mansakonko";0,371;0,561;0,386;0,236;6,7;1,5;56,5;1290;149
"GMBr105";"Africa";"GMB";2398;-16,0121577886334;13,5163983683624;"Gambia";2002;"Kerewan";0,336;0,588;0,391;0,165;4,6;1,1;58,2;1330;171
"GMBr106";"Africa";"GMB";2540;-14,8904959191701;13,5731315126583;"Gambia";2002;"Kuntaur";0,302;0,509;0,369;0,147;4,6;0,6;53,1;1150;159
"GMBr107";"Africa";"GMB";7;-14,76605603532;13,5342478654184;"Gambia";2002;"Janjabureh";0,343;0,543;0,373;0,2;4,6;2,1;55,3;1180;157
"GMBr108";"Africa";"GMB";1465;-14,1796589370539;13,4225523252243;"Gambia";2002;"Basse";0,325;0,5;0,41;0,168;5;0,9;52,5;1510;176
"GNBr101";"Africa";"GNB";3409;-14,962754281018;11,34808569153;NA;NA;NA;NA;NA;NA;NA;NA;NA;NA;NA;NA
"GNBr102";"Africa";"GNB";2983;-15,1754109298094;11,6491242069713;NA;NA;NA;NA;NA;NA;NA;NA;NA;NA;NA;NA
"GNBr103";"Africa";"GNB";4773;-15,2724637530781;12,2548107970022;NA;NA;NA;NA;NA;NA;NA;NA;NA;NA;NA;NA
"GNBr104";"Africa";"GNB";267;-15,6935154487554;11,9341011965385;NA;NA;NA;NA;NA;NA;NA;NA;NA;NA;NA;NA
"GNBr105";"Africa";"GNB";165;-16,1448606255506;11,1044987096657;NA;NA;NA;NA;NA;NA;NA;NA;NA;NA;NA;NA
"GNBr106";"Africa";"GNB";5459;-14,7342648932958;12,1957490235005;NA;NA;NA;NA;NA;NA;NA;NA;NA;NA;NA;NA
"GNBr107";"Africa";"GNB";10147;-14,122346518921;12,1425089143017;NA;NA;NA;NA;NA;NA;NA;NA;NA;NA;NA;NA
"GNBr108";"Africa";"GNB";5020;-16,0241295580041;12,2264084452536;NA;NA;NA;NA;NA;NA;NA;NA;NA;NA;NA;NA
"GNBr109";"Africa";"GNB";60;-15,6092690484411;11,873912209942;NA;NA;NA;NA;NA;NA;NA;NA;NA;NA;NA;NA
"GNQr101";"Africa";"GNQ";1671;8,69067228355474;3,48338480588181;"Equatorial Guinea";2002;"Annobon, Bioko";0,65;0,523;0,862;0,61;10,1;9,9;54;30050;160
"GNQr102";"Africa";"GNQ";8439;10,3707140590122;1,49561598266157;"Equatorial Guinea";2002;"Centro Sur";0,461;0,533;0,655;0,281;4,6;4,6;54,7;7650;103
"GNQr103";"Africa";"GNQ";2872;10,936816397852;2,03522009107622;"Equatorial Guinea";2002;"Kie Ntem";0,482;0,516;0,65;0,334;5,5;5,4;53,6;7410;149
"GNQr104";"Africa";"GNQ";6921;9,82563615186096;1,52705593272075;"Equatorial Guinea";2002;"Litoral";0,574;0,56;0,754;0,449;7,4;7,3;56,4;14740;239
"GNQr105";"Africa";"GNQ";7124;10,985075770266;1,51205057658553;"Equatorial Guinea";2002;"Wele Nzas";0,442;0,486;0,654;0,272;4,5;4,4;51,6;7570;103
"KENr101";"Africa";"KEN";368;36,8932945439241;-1,31604343833088;"Kenya";2002;"Nairobi";0,593;0,579;0,689;0,523;8;9;57,6;9540;2455
"KENr102";"Africa";"KEN";12515;36,867723901605;-0,596636125901386;"Kenya";2002;"Central";0,545;0,662;0,54;0,451;8,6;6,4;63,1;3580;4354
"KENr103";"Africa";"KEN";84857;39,3176708420498;-2,48805325202619;"Kenya";2002;"Coast";0,467;0,538;0,535;0,354;7,1;4,7;55;3450;2610
"KENr104";"Africa";"KEN";159339;37,8991208650617;1,13956754097751;"Kenya";2002;"Eastern";0,497;0,591;0,513;0,405;8,5;5,1;58,4;2980;5477
"KENr105";"Africa";"KEN";16073;34,4763951810479;-0,483376203284121;"Kenya";2002;"Nyanza";0,445;0,423;0,483;0,431;9;5,4;47,5;2440;5333
"KENr106";"Africa";"KEN";180082;35,9224045828615;1,06967158222433;"Kenya";2002;"Rift Valley";0,492;0,605;0,502;0,391;7,9;5,2;59,3;2780;7920
"KENr107";"Africa";"KEN";7181;34,5003083682895;0,485977955467388;"Kenya";2002;"Western";0,468;0,495;0,485;0,428;8,9;5,4;52,2;2470;3875
"KENr108";"Africa";"KEN";127328;40,2293161149869;1,32932802915714;"Kenya";2002;"North Eastern";0,294;0,464;0,429;0,128;3,9;0,6;50,2;1710;945
"LBRr101";"Africa";"LBR";2304;-10,8059024742792;6,71481241678389;"Liberia";2002;"Bomi";0,412;0,48;0,376;0,388;10,9;2,6;51,2;1210;88
"LBRr102";"Africa";"LBR";8931;-9,66397429998844;6,93334799455013;"Liberia";2002;"Bong";0,371;0,511;0,361;0,277;7,6;2;53,2;1090;330
"LBRr103";"Africa";"LBR";8869;-10,3270488792101;7,40337637740389;"Liberia";2002;"Gbarpolu";0,393;0,5;0,358;0,339;9,4;2,3;52,5;1070;66
"LBRr104";"Africa";"LBR";7955;-9,81496525878625;6,21480460685332;"Liberia";2002;"Grand Bassa";0,383;0,5;0,368;0,304;8,3;2,2;52,5;1140;163
"LBRr105";"Africa";"LBR";4481;-11,0398199333042;7,08715871050886;"Liberia";2002;"Grand Cape Mount";0,375;0,474;0,372;0,299;8,5;1,9;50,8;1170;144
"LBRr106";"Africa";"LBR";11350;-8,23791663392827;5,95376893709;"Liberia";2002;"Grand Gedeh";0,422;0,508;0,378;0,391;10,3;3,2;53;1220;66
"LBRr107";"Africa";"LBR";3287;-8,20405991196;4,79105746998344;"Liberia";2002;"Grand Kru";0,402;0,466;0,354;0,395;10,4;3,2;50,3;1040;83
"LBRr108";"Africa";"LBR";10555;-9,88206741932574;7,97718547601404;"Liberia";2002;"Lofa";0,408;0,541;0,371;0,337;9,7;2,1;55,2;1170;165
"LBRr109";"Africa";"LBR";2598;-10,2807582913199;6,48455016450303;"Liberia";2002;"Margibi";0,448;0,535;0,42;0,399;10,2;3,5;54,8;1620;239
"LBRr110";"Africa";"LBR";2078;-7,74405120735759;4,67326856583148;"Liberia";2002;"Maryland";0,437;0,496;0,394;0,426;10,8;3,8;52,2;1360;95
"LBRr111";"Africa";"LBR";1609;-10,5631183697477;6,54762597694603;"Liberia";2002;"Montserrado";0,506;0,522;0,489;0,507;11,6;5,6;53,9;2550;1045
"LBRr112";"Africa";"LBR";11715;-8,77575132920804;6,85553200413838;"Liberia";2002;"Nimba";0,448;0,584;0,393;0,393;10,2;3,3;58;1340;407
"LBRr113";"Africa";"LBR";5204;-9,37893927289025;5,84146232500898;"Liberia";2002;"River Cess";0,389;0,538;0,341;0,32;8,9;2,2;55;960;51
"LBRr114";"Africa";"LBR";6520;-7,89422628051492;5,264187300182;"Liberia";2002;"River Gee";0,392;0,473;0,371;0,344;8,6;3,2;50,8;1170;40
"LBRr115";"Africa";"LBR";8853;-8,80243889378134;5,35005795370143;"Liberia";2002;"Sinoe";0,409;0,515;0,352;0,377;10;3;53,5;1030;78
"LBYr101";"Africa";"LBY";759873;22,1456703555767;26,3034016406323;"Libya";2002;"Cyrenaica";0,74;0,785;0,815;0,634;15,8;5,8;71;22040;1569
"LBYr102";"Africa";"LBY";283873;13,7191460731271;30,5502602860995;"Libya";2002;"Tripolitania";0,755;0,785;0,845;0,649;16,2;6;71;26860;3429
"LBYr103";"Africa";"LBY";575910;14,8053096592028;26,1068695760301;"Libya";2002;"Fezzan";0,749;0,785;0,809;0,661;16,5;6,1;71;21140;407
"LSOr101";"Africa";"LSO";1720;28,5680198482366;-28,79693127516;"Lesotho";2002;"Butha-Buthe";0,457;0,397;0,492;0,487;11;5,4;45,8;2600;128
"LSOr102";"Africa";"LSO";2730;28,2394926948345;-29,0034882544288;"Lesotho";2002;"Leribe";0,447;0,369;0,504;0,481;10,6;5,6;44;2810;273
"LSOr103";"Africa";"LSO";1473;27,9104465808864;-29,2117560717124;"Lesotho";2002;"Berea";0,449;0,406;0,491;0,454;10,3;5;46,4;2570;223
"LSOr104";"Africa";"LSO";3774;27,8326853362795;-29,5402745109611;"Lesotho";2002;"Maseru";0,497;0,426;0,555;0,518;10,5;6,8;47,7;3950;484
"LSOr105";"Africa";"LSO";1879;27,5703328448164;-29,7765374191939;"Lesotho";2002;"Mafeteng";0,464;0,447;0,501;0,446;9,9;5,2;49,1;2760;222
"LSOr106";"Africa";"LSO";4183;27,7305552223472;-30,0758904307643;"Lesotho";2002;"Mohale s Hoek";0,421;0,358;0,484;0,431;9,7;4,9;43,3;2460;200
"LSOr107";"Africa";"LSO";2541;28,0344179158663;-30,3556737967543;"Lesotho";2002;"Quthing";0,418;0,382;0,455;0,419;9,8;4,4;44,8;2040;136
"LSOr108";"Africa";"LSO";2277;28,7043889044057;-29,9374719251245;"Lesotho";2002;"Qasha s Nek";0,406;0,378;0,44;0,403;9,1;4,5;44,6;1840;79
"LSOr109";"Africa";"LSO";3809;29,0046257520331;-29,1869889699635;"Lesotho";2002;"Mokhotlong";0,407;0,406;0,424;0,391;9,1;4,1;46,4;1660;110
"LSOr110";"Africa";"LSO";5024;28,619293669544;-29,5479505580116;"Lesotho";2002;"Thaba-Tseka";0,378;0,341;0,419;0,378;9;3,9;42,1;1600;142
"MARr101";"Africa";"MAR";30680;-5,89522023199975;34,5356425233794;"Morocco";2002;"North west";0,562;0,732;0,609;0,398;9,5;4;67,6;5650;6446
"MARr102";"Africa";"MAR";41638;-4,18031673565513;33,9809231607144;"Morocco";2002;"Centre north";0,521;0,722;0,569;0,344;8,9;2,9;66,9;4330;3576
"MARr103";"Africa";"MAR";32929;-6,85503619886259;32,6422309525796;"Morocco";2002;"Centre";0,59;0,752;0,625;0,436;10,3;4,5;68,9;6280;6838
"MARr104";"Africa";"MAR";59760;-2,56281650428407;33,441946882951;"Morocco";2002;"Eastern";0,556;0,737;0,62;0,376;9,3;3,5;67,9;6060;1957
"MARr105";"Africa";"MAR";60698;-4,80685518145333;32,0162814074943;"Morocco";2002;"Centre south";0,545;0,719;0,587;0,384;9,9;3,3;66,7;4870;2216
"MARr106";"Africa";"MAR";47325;-8,43944428050189;31,8837244853956;"Morocco";2002;"Tensift";0,49;0,739;0,539;0,295;7,8;2,4;68,1;3540;4755
"MARr107";"Africa";"MAR";409822;-11,5865366022783;26,3915436362441;"Morocco";2002;"South";0,527;0,704;0,593;0,35;9,6;2,5;65,7;5080;3512
"MDGr101";"Africa";"MDG";18059;47,4136972991119;-18,4066768904279;"Madagascar";2002;"Analamanga";0,537;0,672;0,459;0,502;9,7;7;63,7;2090;2571
"MDGr102";"Africa";"MDG";17915;46,8564839245727;-19,716434121357;"Madagascar";2002;"Vakinankaratra";0,439;0,604;0,382;0,366;8,2;4,2;59,3;1250;1576
"MDGr103";"Africa";"MDG";6722;46,8219608684409;-19,0588669699282;"Madagascar";2002;"Itasy";0,421;0,605;0,376;0,327;7,3;3,7;59,3;1210;747
"MDGr104";"Africa";"MDG";18094;46,1259485678615;-18,5642574338027;"Madagascar";2002;"Bongolava";0,444;0,69;0,38;0,333;7,4;3,9;64,9;1240;472
"MDGr105";"Africa";"MDG";19971;46,611125367656;-21,45423029202;"Madagascar";2002;"Haute Matsiatra";0,435;0,557;0,379;0,389;9;4,2;56,2;1230;931
"MDGr106";"Africa";"MDG";17909;46,6833263414982;-20,5032946082311;"Madagascar";2002;"Anamoroni Mania";0,436;0,581;0,368;0,388;8,5;4,5;57,7;1140;647
"MDGr107";"Africa";"MDG";20322;47,8738588968914;-21,3278086289915;"Madagascar";2002;"Vatovavy Fitovinany";0,356;0,443;0,362;0,28;7;2,6;48,8;1100;894
"MDGr108";"Africa";"MDG";26061;46,1389899471805;-22,4916097053652;"Madagascar";2002;"Ihorombe";0,388;0,549;0,386;0,277;6,7;2,7;55,7;1290;318
"MDGr109";"Africa";"MDG";17153;47,250681713512;-23,2793375925132;"Madagascar";2002;"Atsimo Atsinanana";0,354;0,525;0,368;0,23;6;1,9;54,1;1140;592
"MDGr110";"Africa";"MDG";20563;48,6931675564893;-19,1173246516069;"Madagascar";2002;"Atsinanana";0,486;0,66;0,408;0,427;9,9;4,6;62,9;1480;938
"MDGr111";"Africa";"MDG";21461;49,3703978133323;-16,3583306770683;"Madagascar";2002;"Analanjirofo";0,439;0,649;0,367;0,354;9,5;2,7;62,2;1140;975
"MDGr112";"Africa";"MDG";28773;48,3338542071272;-17,9472210311498;"Madagascar";2002;"Alaotra Mangoro";0,457;0,614;0,396;0,391;8,5;4,7;59,9;1380;940
"MDGr113";"Africa";"MDG";29491;46,2167685579142;-16,2588327272313;"Madagascar";2002;"Boeny";0,453;0,569;0,417;0,392;8,6;4,6;57;1580;592
"MDGr114";"Africa";"MDG";51198;48,300582717891;-15,3490030270902;"Madagascar";2002;"Sofia";0,455;0,632;0,384;0,389;9,3;3,9;61,1;1270;985
"MDGr115";"Africa";"MDG";29067;47,0096609556458;-17,2006405473779;"Madagascar";2002;"Betsiboka";0,408;0,582;0,379;0,307;6,8;3,5;57,9;1230;243
"MDGr116";"Africa";"MDG";41907;44,8041008719557;-17,6958030911131;"Madagascar";2002;"Melaky";0,365;0,635;0,353;0,217;5;2,3;61,3;1040;184
"MDGr117";"Africa";"MDG";67296;44,425773110964;-23,0713303842614;"Madagascar";2002;"Atsimo Andrefana";0,395;0,612;0,384;0,262;6,1;2,8;59,8;1270;960
"MDGr118";"Africa";"MDG";19308;45,4513077422096;-24,8246000253213;"Madagascar";2002;"Androy";0,329;0,608;0,363;0,161;4,9;0,8;59,5;1110;507
"MDGr119";"Africa";"MDG";29017;46,233133861984;-23,9711477437478;"Madagascar";2002;"Anosy";0,365;0,542;0,38;0,236;5,6;2,4;55,2;1240;526
"MDGr120";"Africa";"MDG";50262;44,8688735485555;-20,2419645204788;"Madagascar";2002;"Menabe";0,406;0,582;0,389;0,295;6,9;3,1;57,8;1310;428
"MDGr121";"Africa";"MDG";19082;48,9640942988807;-13,3409044289475;"Madagascar";2002;"Diana";0,463;0,654;0,393;0,387;9;4,1;62,5;1340;412
"MDGr122";"Africa";"MDG";23355;49,8138937992303;-14,3052181175922;"Madagascar";2002;"Sava";0,437;0,629;0,357;0,372;9,2;3,5;60,9;1060;776
"MLIr101";"Africa";"MLI";120120;-10,2530323223572;13,84688004899;"Mali";2002;"Kayes";0,295;0,495;0,418;0,125;3,5;0,8;52,2;1590;1582
"MLIr102";"Africa";"MLI";94059;-7,67381063843486;13,6221894325882;"Mali";2002;"Koulikoro";0,32;0,503;0,403;0,162;4,7;0,9;52,7;1440;1966
"MLIr103";"Africa";"MLI";71171;-6,55195520968679;11,4274588956042;"Mali";2002;"Sikasso";0,306;0,494;0,42;0,138;4,2;0,6;52,1;1610;2274
"MLIr104";"Africa";"MLI";60743;-5,72426262298932;13,8226005739205;"Mali";2002;"Segou";0,294;0,488;0,406;0,128;3,8;0,7;51,7;1470;2129
"MLIr105";"Africa";"MLI";81455;-3,51539112038387;14,7144591896696;"Mali";2002;"Mopti";0,266;0,487;0,39;0,099;3;0,5;51,7;1320;1721
"MLIr106";"Africa";"MLI";503886;-3,56075985793916;20,0157925849293;"Mali";2002;"Tombouctou";0,293;0,494;0,382;0,134;3,7;0,9;52,1;1250;415
"MLIr107";"Africa";"MLI";321666;1,25978880126406;18,0076569660883;"Mali";2002;"Gao and Kidal";0,359;0,515;0,409;0,22;6;1,6;53,5;1500;318
"MLIr108";"Africa";"MLI";112;-8,00201306696414;12,6050480182632;"Mali";2002;"Bamako";0,54;0,607;0,577;0,451;10,4;4,8;59,5;4550;1546
"MOZr101";"Africa";"MOZ";130569;36,4509924456777;-13,070612785069;"Mozambique";2002;"Niassa";0,286;0,45;0,26;0,201;5,5;1,4;49,2;560;889
"MOZr102";"Africa";"MOZ";76341;39,3630655903296;-12,4678119129392;"Mozambique";2002;"Cabo delgado";0,297;0,441;0,264;0,225;6,4;1,4;48,7;580;1616
"MOZr103";"Africa";"MOZ";80499;39,271248571992;-14,9507855889894;"Mozambique";2002;"Nampula";0,295;0,439;0,272;0,216;6;1,5;48,6;600;3612
"MOZr104";"Africa";"MOZ";102518;36,9855722277589;-16,6401807126693;"Mozambique";2002;"Zambezia";0,312;0,539;0,257;0,22;6,1;1,5;55;550;3036
"MOZr105";"Africa";"MOZ";100361;32,7518942165049;-15,5147314605208;"Mozambique";2002;"Tete";0,296;0,446;0,266;0,218;5,9;1,6;49;580;1481
"MOZr106";"Africa";"MOZ";61854;33,4229186544901;-19,0523319925587;"Mozambique";2002;"Manica";0,333;0,475;0,278;0,279;7,6;2;50,9;630;1269
"MOZr107";"Africa";"MOZ";69706;34,6892661619077;-19,0325674242963;"Mozambique";2002;"Sofala";0,323;0,447;0,295;0,255;6,7;2;49,1;700;1520
"MOZr108";"Africa";"MOZ";67584;34,5063506198499;-22,8098573412549;"Mozambique";2002;"Inhambane";0,336;0,503;0,28;0,269;7,7;1,6;52,7;640;1607
"MOZr109";"Africa";"MOZ";76950;32,7942728027069;-23,3219734491474;"Mozambique";2002;"Gaza";0,333;0,493;0,289;0,259;7,3;1,6;52,1;680;1065
"MOZr110";"Africa";"MOZ";24205;32,4586953621167;-25,5617308254886;"Mozambique";2002;"Maputo Provincia";0,419;0,567;0,355;0,365;9,2;3,3;56,8;1050;1353
"MOZr111";"Africa";"MOZ";258;32,5433257737059;-25,8565796713802;"Mozambique";2002;"Maputo Cidade";0,486;0,611;0,433;0,433;10,3;4,4;59,7;1760;1247
"MRTr101";"Africa";"MRT";187311;-7,09491154205533;18,1820741832698;"Mauritania";2002;"Hodh Charghi";0,409;0,568;0,482;0,249;5,8;2,6;57;2430;277
"MRTr102";"Africa";"MRT";50858;-9,83192386851766;16,5697926091803;"Mauritania";2002;"Hodh Gharbi";0,436;0,66;0,495;0,254;6,3;2,4;62,9;2650;281
"MRTr103";"Africa";"MRT";36027;-11,5240775851517;16,5589444376249;"Mauritania";2002;"Assaba";0,437;0,712;0,501;0,233;5,7;2,2;66,3;2760;262
"MRTr104";"Africa";"MRT";13898;-12,8386176886501;15,9935170891921;"Mauritania";2002;"Gorgol";0,384;0,624;0,516;0,177;4,4;1,7;60,5;3040;295
"MRTr105";"Africa";"MRT";33114;-13,3882976603063;17,2483440697921;"Mauritania";2002;"Brakna";0,427;0,666;0,524;0,223;5,5;2,1;63,3;3220;266
"MRTr106";"Africa";"MRT";71058;-14,8714314197901;17,9336679719234;"Mauritania";2002;"Trarza incl Nouakchott";0,533;0,652;0,632;0,368;7,8;4,5;62,4;6570;985
"MRTr107";"Africa";"MRT";223316;-10,2300912671205;21,0391654012753;"Mauritania";2002;"Adrar";0,45;0,541;0,541;0,312;7,4;3,1;55,2;3580;63
"MRTr108";"Africa";"MRT";17055;-15,9763047322186;20,8346086995426;"Mauritania";2002;"Nouadhibou";0,552;0,661;0,707;0,359;7,2;4,8;62,9;10810;109
"MRTr109";"Africa";"MRT";95693;-10,4013131817105;18,5806956635896;"Mauritania";2002;"Tagant";0,446;0,729;0,5;0,244;5,8;2,4;67,4;2740;64
"MRTr110";"Africa";"MRT";10607;-12,1178546142655;15,3722702011035;"Mauritania";2002;"Guidimagha";0,346;0,552;0,514;0,145;3,8;1,2;55,9;3010;169
"MRTr111";"Africa";"MRT";260127;-9,70631435828962;24,2013705820291;"Mauritania";2002;"Tiris-Zemmour";0,523;0,609;0,662;0,354;7,9;4,1;59,6;8020;41
"MRTr112";"Africa";"MRT";45089;-15,1247784048519;19,9869597964226;"Mauritania";2002;"Inchiri";0,519;0,568;0,639;0,385;8,9;4,1;56,9;6890;8
"MUSr101";"Africa";"MUS";451;57,6210113797313;-20,1541818633517;"Mauritius";2002;"North (Port Louis, Pamplemousses, Riviere du Rempart, Flacq, Moka)";0,691;0,8;0,728;0,566;12,5;6,6;72;12410;562
"MUSr102";"Africa";"MUS";663;57,5205610370125;-20,3137830978032;"Mauritius";2002;"South (Grand Port, Savanne, Plaines Wilhems, Black River)";0,704;0,8;0,738;0,591;13;6,9;72;13270;606
"MUSr103";"Africa";"MUS";56;63,4205112355445;-19,7104273451238;"Mauritius";2002;"Rodrigues";0,624;0,8;0,676;0,448;9,9;5,2;72;8810;37
"MUSr104";"Africa";"MUS";8;56,6080044360897;-10,374307493414;NA;NA;NA;NA;NA;NA;NA;NA;NA;NA;NA;NA
"MWIr101";"Africa";"MWI";1896;34,9603693955227;-15,6777201798909;"Malawi";2002;"Blantyre";0,451;0,426;0,409;0,524;12,3;5,5;47,7;1500;939
"MWIr102";"Africa";"MWI";9253;33,4092938236859;-12,9642043868661;"Malawi";2002;"Kasungu";0,396;0,399;0,341;0,456;12;3,7;46;960;491
"MWIr103";"Africa";"MWI";3524;35,5229592931081;-14,9441592372544;"Malawi";2002;"Machinga";0,372;0,436;0,336;0,353;10,2;2,1;48,4;920;433
"MWIr104";"Africa";"MWI";8858;35,1353529288514;-14,2624412571235;"Malawi";2002;"Mangochi";0,355;0,415;0,335;0,323;9,3;1,9;47;920;626
"MWIr105";"Africa";"MWI";10385;33,6378335586854;-11,7807137108253;"Malawi";2002;"Mzimba";0,435;0,46;0,352;0,507;12,7;4,6;49,9;1030;660
"MWIr106";"Africa";"MWI";2644;34,4061272073243;-13,6712903647727;"Malawi";2002;"Salima";0,366;0,41;0,333;0,36;9,8;2,6;46,7;910;304
"MWIr107";"Africa";"MWI";1414;35,1528780664224;-16,0932218917558;"Malawi";2002;"Thyolo";0,372;0,396;0,332;0,39;10,7;2,8;45,7;900;582
"MWIr108";"Africa";"MWI";3391;35,4299224661625;-15,3971661467346;"Malawi";2002;"Zomba";0,397;0,422;0,35;0,424;11,5;3,1;47,5;1010;646
"MWIr109";"Africa";"MWI";6130;33,7068491795623;-14,0240538874277;"Malawi";2002;"Lilongwe";0,409;0,431;0,366;0,432;11,1;3,7;48;1130;1749
"MWIr110";"Africa";"MWI";2110;35,4991426268609;-15,8907218994377;"Malawi";2002;"Mulanje";0,371;0,383;0,339;0,393;10,9;2,7;44,9;940;496
"MWIr111";"Africa";"MWI";29729;34,0562874271161;-10,8022910796723;"Malawi";2002;"Other northern (Chitipa, Karonga, Rumphi, Nkhata Bay)";0,436;0,458;0,351;0,516;12,8;4,8;49,7;1020;773
"MWIr112";"Africa";"MWI";24448;34,1040731946916;-13,677969178216;"Malawi";2002;"Other central (Nkhota Kota, Mchinji, Dowa, Ntchisi, Dedza, Ntcheu)";0,376;0,414;0,331;0,388;10,7;2,7;46,9;890;2407
"MWIr113";"Africa";"MWI";13839;34,9006289119414;-15,9148531768879;"Malawi";2002;"Other southern (Balaka, Mwanza, Phalombe, Chiradzulu, Chikwawa, Nsanje, neno)";0,377;0,413;0,338;0,383;10,6;2,7;46,9;940;1679
"MWIr114";"Africa";"MWI";10;34,7417135526934;-12,0615279759495;NA;NA;NA;NA;NA;NA;NA;NA;NA;NA;NA;NA
"NAMr101";"Africa";"NAM";15430;23,8882773014849;-17,8652167051375;"Namibia";2002;"Caprivi";0,498;0,519;0,506;0,47;10,4;5,4;53,7;2850;97
"NAMr102";"Africa";"NAM";63773;15,2267104070955;-22,045298246151;"Namibia";2002;"Erongo";0,643;0,542;0,815;0,603;11,7;8,3;55,2;22050;105
"NAMr103";"Africa";"NAM";110973;17,3980678279227;-24,5593802414407;"Namibia";2002;"Hardap";0,545;0,475;0,705;0,482;10,2;5,9;50,9;10650;76
"NAMr104";"Africa";"NAM";160910;17,6123704834758;-26,9804137401638;"Namibia";2002;"Karas";0,594;0,477;0,776;0,566;11,6;7,3;51;16970;69
"NAMr105";"Africa";"NAM";36111;17,1563657072519;-22,9022681334398;"Namibia";2002;"Khomas";0,619;0,505;0,775;0,605;12,1;8,1;52,8;16940;292
"NAMr106";"Africa";"NAM";116075;13,9286667682934;-19,15118545152;"Namibia";2002;"Kunene";0,472;0,489;0,606;0,355;7,9;4,1;51,8;5520;63
"NAMr107";"Africa";"NAM";10683;16,8121755389768;-17,5862943989367;"Namibia";2002;"Ohangwena";0,472;0,458;0,501;0,457;12,1;3,6;49,8;2760;228
"NAMr108";"Africa";"NAM";48636;19,7306290810504;-18,3710747276468;"Namibia";2002;"Kavango";0,498;0,469;0,546;0,481;11,6;4,8;50,5;3720;172
"NAMr109";"Africa";"NAM";84837;19,476974469035;-21,8898872512126;"Namibia";2002;"Omaheke";0,478;0,479;0,606;0,376;8,8;3,9;51,1;5530;71
"NAMr110";"Africa";"NAM";26161;14,9072109042784;-18,2806930245921;"Namibia";2002;"Omusati";0,5;0,467;0,517;0,517;13,5;4,3;50,4;3060;221
"NAMr111";"Africa";"NAM";8561;15,7292519276578;-18,4178971391149;"Namibia";2002;"Oshana";0,545;0,464;0,597;0,586;13,5;6,4;50,2;5190;173
"NAMr112";"Africa";"NAM";38714;17,0080507968091;-18,5988084865244;"Namibia";2002;"Oshikoto";0,519;0,452;0,592;0,524;12,4;5,4;49,4;5020;172
"NAMr113";"Africa";"NAM";105293;18,1778591451111;-20,3156072834208;"Namibia";2002;"Otjozondjupa";0,529;0,495;0,691;0,434;9,4;5,2;52,1;9690;151
"NERr101";"Africa";"NER";625498;10,4882625895395;19,4821029247274;"Niger";2002;"Agadez";0,39;0,523;0,428;0,265;5,7;3,2;54;1700;277
"NERr102";"Africa";"NER";146273;13,2040961459284;15,8569335345557;"Niger";2002;"Diffa";0,279;0,523;0,346;0,12;3,2;0,9;54;990;255
"NERr103";"Africa";"NER";31605;3,54004160904043;13,2083735016717;"Niger";2002;"Dosso";0,272;0,474;0,337;0,126;3,4;1;50,8;930;1699
"NERr104";"Africa";"NER";38696;7,3078500195162;14,1031898048722;"Niger";2002;"Maradi";0,25;0,489;0,345;0,093;2,3;0,8;51,8;980;2539
"NERr105";"Africa";"NER";91355;2,18167738087028;14,1776576700965;"Niger";2002;"Tillabery (incl Niamey)";0,335;0,495;0,386;0,196;3,9;2,6;52,2;1290;2832
"NERr106";"Africa";"NER";106682;5,24106805509081;15,7615830875608;"Niger";2002;"Tahoua";0,228;0,474;0,328;0,076;2;0,6;50,8;880;2245
"NERr107";"Africa";"NER";146056;10,0195295805163;14,9840820716054;"Niger";2002;"Zinder";0,24;0,472;0,336;0,087;2,2;0,8;50,7;930;2609
"NGAr101";"Africa";"NGA";6535;7,8571631049813;4,9143870910331;NA;NA;NA;NA;NA;NA;NA;NA;NA;NA;NA;NA
"NGAr102";"Africa";"NGA";5254;6,94422481882356;6,18780777118494;NA;NA;NA;NA;NA;NA;NA;NA;NA;NA;NA;NA
"NGAr103";"Africa";"NGA";49285;9,99956800959514;10,7870707373815;NA;NA;NA;NA;NA;NA;NA;NA;NA;NA;NA;NA
"NGAr104";"Africa";"NGA";19356;5,92635386547647;6,62993213790234;NA;NA;NA;NA;NA;NA;NA;NA;NA;NA;NA;NA
"NGAr105";"Africa";"NGA";31950;8,74955984119566;7,29908804754327;NA;NA;NA;NA;NA;NA;NA;NA;NA;NA;NA;NA
"NGAr106";"Africa";"NGA";70115;13,1756524261458;11,9202996722414;NA;NA;NA;NA;NA;NA;NA;NA;NA;NA;NA;NA
"NGAr107";"Africa";"NGA";20669;8,56633680065721;5,85462503642728;NA;NA;NA;NA;NA;NA;NA;NA;NA;NA;NA;NA
"NGAr108";"Africa";"NGA";35432;12,4461858652989;9,3657627856107;NA;NA;NA;NA;NA;NA;NA;NA;NA;NA;NA;NA
"NGAr109";"Africa";"NGA";4537;7,05814504729254;5,53104799072389;NA;NA;NA;NA;NA;NA;NA;NA;NA;NA;NA;NA
"NGAr110";"Africa";"NGA";42784;7,72777664569354;10,3153941357858;NA;NA;NA;NA;NA;NA;NA;NA;NA;NA;NA;NA
"NGAr111";"Africa";"NGA";20519;8,50513311952112;11,7221750345417;NA;NA;NA;NA;NA;NA;NA;NA;NA;NA;NA;NA
"NGAr112";"Africa";"NGA";25328;7,6489216846923;12,3544772307472;NA;NA;NA;NA;NA;NA;NA;NA;NA;NA;NA;NA
"NGAr113";"Africa";"NGA";34096;4,36038136310793;8,98332392165347;NA;NA;NA;NA;NA;NA;NA;NA;NA;NA;NA;NA
"NGAr114";"Africa";"NGA";4517;3,52020571340757;6,53491429535566;NA;NA;NA;NA;NA;NA;NA;NA;NA;NA;NA;NA
"NGAr115";"Africa";"NGA";73042;5,61219037762379;9,92748246020541;NA;NA;NA;NA;NA;NA;NA;NA;NA;NA;NA;NA
"NGAr116";"Africa";"NGA";15913;3,45809797541512;7,04164914125944;NA;NA;NA;NA;NA;NA;NA;NA;NA;NA;NA;NA
"NGAr117";"Africa";"NGA";15173;5,12420064838403;6,87961697434481;NA;NA;NA;NA;NA;NA;NA;NA;NA;NA;NA;NA
"NGAr118";"Africa";"NGA";27072;3,62616365329937;8,19086375121251;NA;NA;NA;NA;NA;NA;NA;NA;NA;NA;NA;NA
"NGAr119";"Africa";"NGA";27307;9,55090252128642;9,21873142064573;NA;NA;NA;NA;NA;NA;NA;NA;NA;NA;NA;NA
"NGAr120";"Africa";"NGA";6628;6,8634862613657;5,01605692379169;NA;NA;NA;NA;NA;NA;NA;NA;NA;NA;NA;NA
"NGAr121";"Africa";"NGA";31618;5,30893585841506;13,024823723747;NA;NA;NA;NA;NA;NA;NA;NA;NA;NA;NA;NA
"NGAr122";"Africa";"NGA";5345;7,49968010517489;5,45252929367089;NA;NA;NA;NA;NA;NA;NA;NA;NA;NA;NA;NA
"NGAr123";"Africa";"NGA";14580;6,01309316674463;5,76156449448885;NA;NA;NA;NA;NA;NA;NA;NA;NA;NA;NA;NA
"NGAr124";"Africa";"NGA";7426;7,42617436668754;6,53418986407431;NA;NA;NA;NA;NA;NA;NA;NA;NA;NA;NA;NA
"NGAr125";"Africa";"NGA";23486;9,55242964496964;12,2145929425844;NA;NA;NA;NA;NA;NA;NA;NA;NA;NA;NA;NA
"NGAr126";"Africa";"NGA";36147;4,49403954810726;11,784857483806;NA;NA;NA;NA;NA;NA;NA;NA;NA;NA;NA;NA
"NGAr127";"Africa";"NGA";28128;6,6734564543489;7,72853594689539;NA;NA;NA;NA;NA;NA;NA;NA;NA;NA;NA;NA
"NGAr128";"Africa";"NGA";9643;4,54545353329182;7,53895093619708;NA;NA;NA;NA;NA;NA;NA;NA;NA;NA;NA;NA
"NGAr129";"Africa";"NGA";60665;10,8046598393825;8,04613946422925;NA;NA;NA;NA;NA;NA;NA;NA;NA;NA;NA;NA
"NGAr130";"Africa";"NGA";46381;11,4479820756399;12,2828083861168;NA;NA;NA;NA;NA;NA;NA;NA;NA;NA;NA;NA
"NGAr131";"Africa";"NGA";9437;6,11137656787115;4,79308130864987;NA;NA;NA;NA;NA;NA;NA;NA;NA;NA;NA;NA
"NGAr132";"Africa";"NGA";5605;8,00197526885989;6,24234979235716;NA;NA;NA;NA;NA;NA;NA;NA;NA;NA;NA;NA
"NGAr133";"Africa";"NGA";5420;5,36278078063123;7,70815472762812;NA;NA;NA;NA;NA;NA;NA;NA;NA;NA;NA;NA
"NGAr134";"Africa";"NGA";17847;11,2507304173069;10,3677503432661;NA;NA;NA;NA;NA;NA;NA;NA;NA;NA;NA;NA
"NGAr135";"Africa";"NGA";27496;8,15324241878291;8,48578584455416;NA;NA;NA;NA;NA;NA;NA;NA;NA;NA;NA;NA
"NGAr136";"Africa";"NGA";35292;6,27011835681883;12,0819237710698;NA;NA;NA;NA;NA;NA;NA;NA;NA;NA;NA;NA
"NGAr137";"Africa";"NGA";6440;7,15716796195261;8,86789955805602;NA;NA;NA;NA;NA;NA;NA;NA;NA;NA;NA;NA
"RWAr101";"Africa";"RWA";278;30,0833242440747;-1,94444055880431;"Rwanda";2002;"City of Kigali";0,475;0,552;0,45;0,431;8,7;5,7;55,9;1970;517
"RWAr102";"Africa";"RWA";5922;29,6878687568148;-2,34308431823836;"Rwanda";2002;"South";0,357;0,478;0,339;0,28;7,1;2,5;51,1;950;2106
"RWAr103";"Africa";"RWA";5568;29,2999706327164;-2,14331798404734;"Rwanda";2002;"West";0,369;0,49;0,345;0,297;7,7;2,5;51,8;980;2135
"RWAr104";"Africa";"RWA";3338;29,8763431622878;-1,62069125617412;"Rwanda";2002;"North";0,358;0,482;0,34;0,28;7,2;2,4;51,3;950;1690
"RWAr105";"Africa";"RWA";9727;30,4443847190237;-1,81658892893131;"Rwanda";2002;"East";0,358;0,455;0,343;0,294;7,5;2,6;49,6;970;1924
"SDNr101";"Africa";"SDN";367201;29,3630595230531;19,5609480505311;"Sudan";2002;"Northern";0,533;0,653;0,646;0,359;9;3,3;62,5;7210;710
"SDNr102";"Africa";"SDN";126479;33,4632303183359;18,3219691932735;"Sudan";2002;"Nahr El Nil";0,466;0,629;0,618;0,26;5,2;3,5;60,9;5990;1050
"SDNr103";"Africa";"SDN";218748;35,7016046292533;19,8375224506379;"Sudan";2002;"Red Sea";0,418;0,586;0,527;0,236;6,4;1,7;58,1;3270;938
"SDNr104";"Africa";"SDN";46106;35,7513391603569;15,9916730405822;"Sudan";2002;"Kassala";0,425;0,585;0,532;0,246;7;1,5;58;3390;1469
"SDNr105";"Africa";"SDN";64178;35,2467901845117;14,1592575111748;"Sudan";2002;"Al Gedarif";0,407;0,565;0,522;0,228;5,9;1,9;56,7;3160;1440
"SDNr106";"Africa";"SDN";20562;32,7924274260736;15,8224497718523;"Sudan";2002;"Khartoum";0,501;0,675;0,651;0,286;5,3;4,2;63,9;7430;4137
"SDNr107";"Africa";"SDN";23923;33,3739863174569;14,5867407779831;"Sudan";2002;"Al Gezira";0,504;0,644;0,621;0,32;7,8;3,1;61,9;6100;3769
"SDNr108";"Africa";"SDN";41297;32,3512706876185;13,4181787200643;"Sudan";2002;"White Nile";0,42;0,594;0,563;0,221;4,5;2,9;58,6;4150;1699
"SDNr109";"Africa";"SDN";41263;34,0595001096269;12,8930500404494;"Sudan";2002;"Sinnar";0,423;0,617;0,565;0,217;5,4;2;60,1;4220;1282
"SDNr110";"Africa";"SDN";36256;34,1314061941682;11,2437646949106;"Sudan";2002;"Blue Nile";0,338;0,468;0,52;0,159;3,7;1,7;50,4;3130;644
"SDNr111";"Africa";"SDN";302309;29,2549150892523;13,6983077425463;"Sudan";2002;"North Kordofan";0,39;0,618;0,526;0,182;4,4;1,8;60,2;3250;2066
"SDNr112";"Africa";"SDN";79338;30,8180729267668;11,275210572391;"Sudan";2002;"South Kordofan";0,395;0,551;0,512;0,219;5,4;2,1;55,8;2970;2025
"SDNr113";"Africa";"SDN";318482;25,5614129181907;16,1880563305952;"Sudan";2002;"North Darfur";0,463;0,7;0,516;0,275;7,1;2,3;65,5;3040;1732
"SDNr114";"Africa";"SDN";59683;23,1228171347615;12,8071497410214;"Sudan";2002;"West Darfur";0,384;0,6;0,495;0,191;4,9;1,7;59;2660;1549
"SDNr115";"Africa";"SDN";134349;25,2740131057567;10,9248422340823;"Sudan";2002;"South Darfur";0,352;0,558;0,516;0,151;3;2;56,3;3040;3060
"SENr101";"Africa";"SEN";676;-17,2777691389098;14,7455764154201;"Senegal";2002;"Dakar";0,53;0,694;0,614;0,349;8,4;3,4;65,1;5840;2295
"SENr102";"Africa";"SEN";6762;-16,3440829826443;12,7549670523989;"Senegal";2002;"Ziguinchor";0,455;0,587;0,411;0,391;11,7;2;58,2;1520;433
"SENr103";"Africa";"SEN";4414;-16,1034604376285;14,7495740131514;"Senegal";2002;"Diourbel";0,287;0,538;0,472;0,093;2,8;0,4;54,9;2280;1034
"SENr104";"Africa";"SEN";47855;-14,2777688204178;15,5952254383784;"Senegal";2002;"Saint Louis";0,37;0,632;0,453;0,178;5,1;1,1;61,1;2000;1039
"SENr105";"Africa";"SEN";60596;-12,9215651099749;13,6062646021517;"Senegal";2002;"Tambacounda";0,316;0,518;0,402;0,152;4,8;0,6;53,6;1430;668
"SENr106";"Africa";"SEN";17214;-15,38236747679;14,1492665410578;"Senegal";2002;"Kaolack";0,333;0,565;0,426;0,153;4,6;0,8;56,7;1680;1210
"SENr107";"Africa";"SEN";7299;-16,7755003840326;14,8073870847382;"Senegal";2002;"Thies";0,418;0,638;0,507;0,226;6,2;1,6;61,5;2870;1391
"SENr108";"Africa";"SEN";25100;-15,5724431697431;15,4413920893312;"Senegal";2002;"Louga";0,335;0,637;0,463;0,128;4;0,5;61,4;2140;663
"SENr109";"Africa";"SEN";6567;-16,3441308964108;14,1353883445894;"Senegal";2002;"Fatick";0,364;0,563;0,401;0,215;6,7;0,9;56,6;1420;611
"SENr110";"Africa";"SEN";22463;-14,7895066678284;12,9961048485071;"Senegal";2002;"Kolda";0,336;0,514;0,378;0,196;6,2;0,7;53,4;1220;836
"SLEr101";"Africa";"SLE";8214;-12,1519224145277;9,31575627733528;"Sierra Leone";2002;"Bombali";0,359;0,452;0,343;0,297;7,7;2,5;49,4;970;467
"SLEr102";"Africa";"SLE";2878;-12,838329375635;9,14228576075923;"Sierra Leone";2002;"Kambia";0,309;0,458;0,343;0,188;5,5;1;49,8;970;405
"SLEr103";"Africa";"SLE";11222;-11,3340544837244;9,44842727710506;"Sierra Leone";2002;"Koinadugu";0,257;0,359;0,321;0,147;4,5;0,7;43,4;840;331
"SLEr104";"Africa";"SLE";5317;-12,7266964105964;8,72094236532452;"Sierra Leone";2002;"Port Loko";0,327;0,441;0,337;0,236;6,1;2;48,6;930;552
"SLEr105";"Africa";"SLE";7498;-11,8899789890327;8,6577424724194;"Sierra Leone";2002;"Tonkolili";0,285;0,36;0,317;0,202;5,8;1,3;43,4;810;492
"SLEr106";"Africa";"SLE";4327;-10,7242238880562;8,10912333642527;"Sierra Leone";2002;"Kailahun";0,328;0,462;0,32;0,237;6,2;2;50,1;830;252
"SLEr107";"Africa";"SLE";6540;-11,2057216177267;7,93746889273214;"Sierra Leone";2002;"Kenema";0,336;0,427;0,349;0,254;6,6;2,1;47,8;1010;378
"SLEr108";"Africa";"SLE";5417;-10,898711754974;8,72465139922861;"Sierra Leone";2002;"Kono";0,328;0,409;0,329;0,262;6,9;2,1;46,6;880;317
"SLEr109";"Africa";"SLE";5185;-11,7134712471003;7,97066367441397;"Sierra Leone";2002;"Bo";0,339;0,384;0,354;0,287;7;2,8;44,9;1040;452
"SLEr110";"Africa";"SLE";3147;-12,2101105506352;7,48206236165543;"Sierra Leone";2002;"Bonthe";0,301;0,39;0,328;0,214;5,4;1,9;45,3;870;184
"SLEr111";"Africa";"SLE";7072;-12,4496999030782;8,03622727685485;"Sierra Leone";2002;"Moyamba";0,305;0,409;0,314;0,221;5,3;2,2;46,6;800;177
"SLEr112";"Africa";"SLE";4205;-11,5618533053435;7,29457332971074;"Sierra Leone";2002;"Pujehun";0,266;0,412;0,324;0,141;3,7;1,2;46,8;850;212
"SLEr113";"Africa";"SLE";414;-13,091087352942;8,35373755959149;"Sierra Leone";2002;"Western Rural";0,375;0,359;0,417;0,352;7;4,8;43,3;1580;205
"SLEr114";"Africa";"SLE";0;-13,2400163541908;8,42480810685182;"Sierra Leone";2002;"Western Urban";0,487;0,442;0,486;0,538;9;8,7;48,7;2490;717
"SOMr101";"Africa";"SOM";28635;44,5786370800398;9,87716044118206;NA;NA;NA;NA;NA;NA;NA;NA;NA;NA;NA;NA
"SOMr102";"Africa";"SOM";15765;43,3896706325711;10,5533541425568;NA;NA;NA;NA;NA;NA;NA;NA;NA;NA;NA;NA
"SOMr103";"Africa";"SOM";53634;47,6662846356268;10,2951443161006;NA;NA;NA;NA;NA;NA;NA;NA;NA;NA;NA;NA
"SOMr104";"Africa";"SOM";39059;47,5093930525865;8,96281861996378;NA;NA;NA;NA;NA;NA;NA;NA;NA;NA;NA;NA
"SOMr105";"Africa";"SOM";32484;45,7061333461925;9,09865009706744;NA;NA;NA;NA;NA;NA;NA;NA;NA;NA;NA;NA
"SOMr106";"Africa";"SOM";58703;48,1377524869427;6,37174156774139;NA;NA;NA;NA;NA;NA;NA;NA;NA;NA;NA;NA
"SOMr107";"Africa";"SOM";28361;48,903517425504;8,11141855374027;NA;NA;NA;NA;NA;NA;NA;NA;NA;NA;NA;NA
"SOMr108";"Africa";"SOM";68650;50,0467858937826;10,2222533809251;NA;NA;NA;NA;NA;NA;NA;NA;NA;NA;NA;NA
"SOMr109";"Africa";"SOM";26685;43,9333567018201;4,19013157646249;NA;NA;NA;NA;NA;NA;NA;NA;NA;NA;NA;NA
"SOMr110";"Africa";"SOM";44382;43,5611177650815;2,64287616803649;NA;NA;NA;NA;NA;NA;NA;NA;NA;NA;NA;NA
"SOMr111";"Africa";"SOM";44501;41,9490241986686;2,86342663228057;NA;NA;NA;NA;NA;NA;NA;NA;NA;NA;NA;NA
"SOMr112";"Africa";"SOM";19009;42,539221449235;1,21896802136568;NA;NA;NA;NA;NA;NA;NA;NA;NA;NA;NA;NA
"SOMr113";"Africa";"SOM";34686;45,4940807415982;4,22189376524776;NA;NA;NA;NA;NA;NA;NA;NA;NA;NA;NA;NA
"SOMr114";"Africa";"SOM";17971;46,0111243068218;3,02240310817854;NA;NA;NA;NA;NA;NA;NA;NA;NA;NA;NA;NA
"SOMr115";"Africa";"SOM";26150;44,3476312371053;1,91351603792726;NA;NA;NA;NA;NA;NA;NA;NA;NA;NA;NA;NA
"SOMr116";"Africa";"SOM";188;45,4199763658517;2,10717852689104;NA;NA;NA;NA;NA;NA;NA;NA;NA;NA;NA;NA
"SOMr117";"Africa";"SOM";48617;46,7806823914691;5,10613767949776;NA;NA;NA;NA;NA;NA;NA;NA;NA;NA;NA;NA
"SOMr118";"Africa";"SOM";47801;41,8004675421822;0,0850791191042047;NA;NA;NA;NA;NA;NA;NA;NA;NA;NA;NA;NA
"SSDr101";"Africa";"SSD";78127;32,7953923202644;9,89641944536833;NA;NA;NA;NA;NA;NA;NA;NA;NA;NA;NA;NA
"SSDr102";"Africa";"SSD";122601;32,319094394922;7,38529867195392;NA;NA;NA;NA;NA;NA;NA;NA;NA;NA;NA;NA
"SSDr103";"Africa";"SSD";35966;29,8605064380774;8,93665097717484;NA;NA;NA;NA;NA;NA;NA;NA;NA;NA;NA;NA
"SSDr104";"Africa";"SSD";39312;28,6045799914667;8,03962508967933;NA;NA;NA;NA;NA;NA;NA;NA;NA;NA;NA;NA
"SSDr105";"Africa";"SSD";32202;27,1236554923954;8,91748034520623;NA;NA;NA;NA;NA;NA;NA;NA;NA;NA;NA;NA
"SSDr106";"Africa";"SSD";84717;26,107626091629;8,26285608413037;NA;NA;NA;NA;NA;NA;NA;NA;NA;NA;NA;NA
"SSDr107";"Africa";"SSD";43248;29,9314304840384;6,65488624631397;NA;NA;NA;NA;NA;NA;NA;NA;NA;NA;NA;NA
"SSDr108";"Africa";"SSD";80798;28,7008779730375;5,55739068850152;NA;NA;NA;NA;NA;NA;NA;NA;NA;NA;NA;NA
"SSDr109";"Africa";"SSD";42751;31,218846940033;4,76960812121222;NA;NA;NA;NA;NA;NA;NA;NA;NA;NA;NA;NA
"SSDr110";"Africa";"SSD";69031;33,5374491512061;4,92104351130224;NA;NA;NA;NA;NA;NA;NA;NA;NA;NA;NA;NA
"STPr101";"Africa";"STP";106;6,67875733108687;0,31652614345878;"Sao Tome & Principe";2002;"Regiao Centro";0,529;0,658;0,511;0,442;9,6;5,2;62,7;2940;90
"STPr102";"Africa";"STP";144;6,60977505215118;0,230137961584771;"Sao Tome & Principe";2002;"Regiao Sul";0,472;0,678;0,431;0,359;8,2;3,9;64,1;1740;20
"STPr103";"Africa";"STP";201;6,55620329484903;0,280405015866703;"Sao Tome & Principe";2002;"Regiao Norte";0,47;0,63;0,444;0,371;8,6;4;60,9;1900;32
"STPr104";"Africa";"STP";70;7,38921232075429;1,59865728995546;"Sao Tome & Principe";2002;"Regiao do Principe";0,517;0,687;0,462;0,436;10;4,8;64,6;2130;7
"SWZr101";"Africa";"SWZ";3656;31,3595289189826;-26,1134183893706;"Eswatini";2002;"Hhohho";0,457;0,389;0,623;0,394;9,5;3,9;45,3;6180;279
"SWZr102";"Africa";"SWZ";3023;31,2446506596074;-26,5538234950956;"Eswatini";2002;"Manzini";0,452;0,367;0,625;0,402;9,6;4,1;43,8;6260;316
"SWZr103";"Africa";"SWZ";3835;31,4590191961821;-27,0381223023639;"Eswatini";2002;"Shiselweni";0,424;0,373;0,568;0,36;9,3;3;44,3;4300;241
"SWZr104";"Africa";"SWZ";5406;31,8382769176112;-26,556141677353;"Eswatini";2002;"Lubombo";0,429;0,377;0,606;0,347;9;2,9;44,5;5530;215
"TCDr101";"Africa";"TCD";211;15,0149434779606;12,1338962155782;"Chad";2002;"Zone 1 (N'Djamena)";0,451;0,459;0,443;0,451;10,4;4,8;49,8;1870;772
"TCDr102";"Africa";"TCD";716240;18,5912957255374;18,0594102680642;"Chad";2002;"Zone 2 (Borkou, Ennedi, Tibesti, Kanem, Barh El Gazal, Lac)";0,222;0,452;0,331;0,073;2,2;0,3;49,4;900;1032
"TCDr103";"Africa";"TCD";220699;19,3112171184977;12,3104931641093;"Chad";2002;"Zone 3 (Guera, Batha, Salamat)";0,237;0,446;0,327;0,092;2,8;0,4;49;870;1114
"TCDr104";"Africa";"TCD";120802;21,4017497614144;13,7934674675053;"Chad";2002;"Zone 4 (Ouaddai, Assongha, Sila, Biltine - Wadi Fira)";0,198;0,485;0,326;0,049;1,4;0,3;51,5;860;849
"TCDr105";"Africa";"TCD";77216;16,2883718125317;11,7570070563945;"Chad";2002;"Zone 5 (Chari-Baguimi, Dababa, Baguirmi, Hadjer Lamis)";0,213;0,419;0,34;0,068;1,9;0,5;47,3;950;1008
"TCDr106";"Africa";"TCD";30265;15,2039607990411;9,8289856106253;"Chad";2002;"Zone 6 (Mayo-Kebbi Est and Ouest)";0,36;0,453;0,352;0,292;8,3;1,8;49,4;1030;936
"TCDr107";"Africa";"TCD";49002;16,3104687102801;8,77024794693993;"Chad";2002;"Zone 7 (Logone Occidental & Oriental, Monts de Lam, Tandjile Est & Ouest)";0,336;0,406;0,344;0,273;7,7;1,8;46,4;980;1953
"TCDr108";"Africa";"TCD";59939;18,3112338058637;9,21692977127644;"Chad";2002;"Zone 8 (Mandoul, Moyen-Chari, Bahr Koh, Lac Iro)";0,327;0,428;0,338;0,242;6,8;1,6;47,8;940;1173
"TGOr101";"Africa";"TGO";81;1,23738949192805;6,16856723552792;"Togo";2002;"Lome";0,553;0,639;0,521;0,508;11;6;61,5;3160;865
"TGOr102";"Africa";"TGO";6732;1,2838376403164;6,53109297483558;"Togo";2002;"Maritime";0,445;0,541;0,406;0,4;11;2,9;55,2;1470;1480
"TGOr103";"Africa";"TGO";17338;1,13717784541873;7,48949114906297;"Togo";2002;"Plateaux";0,431;0,549;0,389;0,375;9,8;3,1;55,7;1310;1162
"TGOr104";"Africa";"TGO";12975;1,06043291625209;8,64822534531203;"Togo";2002;"Centrale";0,428;0,531;0,41;0,36;10,2;2,3;54,5;1510;525
"TGOr105";"Africa";"TGO";11131;0,875246992769942;9,60229934478194;"Togo";2002;"Kara";0,417;0,531;0,407;0,336;9,5;2,1;54,5;1480;673
"TGOr106";"Africa";"TGO";8987;0,463237199375681;10,5800792275201;"Togo";2002;"Savanes";0,338;0,485;0,392;0,203;6,2;0,9;51,5;1340;577
"TUNr101";"Africa";"TUN";2414;9,99237176047018;36,8352464358117;"Tunisia";2002;"Grand Tunis (Tunis, Ariana, Ben Arous, Manouba)";0,707;0,851;0,687;0,603;14;6,5;75,3;9430;2492
"TUNr102";"Africa";"TUN";8079;10,1433789219992;36,7211676273395;"Tunisia";2002;"Nord Est (Nabeul, Zaghouan, Bizerte)";0,665;0,809;0,667;0,546;13,4;5,2;72,6;8260;1465
"TUNr103";"Africa";"TUN";15713;9,05524772445803;36,3524577643929;"Tunisia";2002;"Nord Ouest (Beja, Jendouba, Kef, Siliana)";0,622;0,814;0,617;0,478;12,5;4;72,9;5940;1097
"TUNr104";"Africa";"TUN";22433;9,374370835758;35,2552397607272;"Tunisia";2002;"Centre Ouest (Kairouan, Kasserine, Sidi Bouzid)";0,591;0,78;0,599;0,442;11,5;3,7;70,7;5280;1313
"TUNr105";"Africa";"TUN";14251;10,4617434361335;35,1738636560789;"Tunisia";2002;"Centre Est (Sousse, Monastir, Mahdia, Sfax)";0,669;0,832;0,664;0,543;12,9;5,6;74,1;8100;2213
"TUNr106";"Africa";"TUN";35902;8,72347151327738;33,6409316062388;"Tunisia";2002;"Sud Ouest (Gafsa, Tozeur, Kebili)";0,661;0,808;0,663;0,539;13,1;5,2;72,5;8040;536
"TUNr107";"Africa";"TUN";55176;10,0791041698801;32,4146317311853;"Tunisia";2002;"Sud Est (Gabes, Medinine, Tataouine)";0,654;0,842;0,646;0,515;12,4;5,1;74,7;7180;978
"TZAr201";"Africa";"TZA";42356;35,9050162321726;-5,90743526586274;"Tanzania";2002;" Dodoma";0,387;0,491;0,391;0,303;6,3;3,8;51,9;1330;1789
"TZAr202";"Africa";"TZA";84324;36,2691740144323;-3,82815500657229;"Tanzania";2002;" Arusha, Manyara";0,432;0,602;0,401;0,333;6,7;4,4;59,2;1420;2993
"TZAr203";"Africa";"TZA";13304;37,6197436963323;-3,74382656026604;"Tanzania";2002;" Kilimanjaro";0,504;0,666;0,442;0,434;9;5,5;63,3;1870;1587
"TZAr204";"Africa";"TZA";28198;38,2874314476485;-5,21043486506513;"Tanzania";2002;" Tanga";0,417;0,511;0,396;0,358;7,6;4,4;53,2;1380;1580
"TZAr205";"Africa";"TZA";70483;37,0025910961806;-7,91448357244293;"Tanzania";2002;" Morogoro";0,409;0,496;0,409;0,337;6,8;4,5;52,2;1500;1723
"TZAr206";"Africa";"TZA";32250;38,6402527408313;-7,25065573781987;"Tanzania";2002;" Pwani";0,386;0,512;0,389;0,29;6,4;3,4;53,3;1310;1043
"TZAr207";"Africa";"TZA";1989;39,2548155393711;-6,9118081305106;"Tanzania";2002;" Dar Es Salam";0,507;0,556;0,51;0,459;8,3;6,9;56,1;2930;2422
"TZAr208";"Africa";"TZA";65944;38,4199938088505;-9,4756232144711;"Tanzania";2002;" Lindi";0,383;0,472;0,389;0,306;6,4;3,8;50,7;1310;792
"TZAr209";"Africa";"TZA";18167;39,0800365890238;-10,8146837376987;"Tanzania";2002;" Mtwara";0,387;0,505;0,383;0,299;6,6;3,5;52,8;1260;1353
"TZAr210";"Africa";"TZA";63899;36,2420137605357;-10,7413252009521;"Tanzania";2002;" Ruvuma";0,424;0,489;0,398;0,39;8;5;51,8;1400;1010
"TZAr211";"Africa";"TZA";59138;35,2085076652158;-8,40731392224283;"Tanzania";2002;" Iringa, Njombe";0,421;0,526;0,394;0,36;8,1;4,1;54,2;1350;1440
"TZAr212";"Africa";"TZA";60493;33,3878113615041;-8,24156234485743;"Tanzania";2002;" Mbeya";0,406;0,53;0,399;0,317;6,7;4;54,5;1410;2389
"TZAr213";"Africa";"TZA";49141;34,4917024546985;-5,71500715594059;"Tanzania";2002;" Singida";0,398;0,526;0,375;0,32;7,3;3,5;54,2;1200;1217
"TZAr214";"Africa";"TZA";76545;32,8074627135412;-5,24999423867301;"Tanzania";2002;" Tabora";0,344;0,504;0,382;0,211;4,1;2,9;52,8;1260;1557
"TZAr215";"Africa";"TZA";71563;31,3665659643432;-6,91132691683593;"Tanzania";2002;" Rukwa, Katavi";0,381;0,499;0,386;0,287;5,8;3,8;52,4;1290;1068
"TZAr216";"Africa";"TZA";35704;30,5488183551849;-4,57211895338138;"Tanzania";2002;" Kigoma";0,402;0,499;0,387;0,337;7,3;4;52,4;1300;1499
"TZAr217";"Africa";"TZA";39266;33,7492173466394;-3,33443540413641;"Tanzania";2002;" Shinyanga, Simiyu";0,38;0,53;0,387;0,268;5,8;3,2;54,4;1300;3148
"TZAr218";"Africa";"TZA";26887;31,1885992618111;-2,03969501561012;"Tanzania";2002;" Kagera";0,39;0,486;0,376;0,324;6,6;4,2;51,6;1210;1963
"TZAr219";"Africa";"TZA";31129;32,3082462854316;-3,10373085494406;"Tanzania";2002;" Mwanza, Geita";0,41;0,526;0,403;0,326;6,7;4,2;54,2;1440;3195
"TZAr220";"Africa";"TZA";21955;34,3944722784877;-1,86897005954177;"Tanzania";2002;" Mara";0,41;0,494;0,381;0,366;7,7;4,6;52,1;1250;1536
"TZAr221";"Africa";"TZA";297;39,3200013628459;-5,94773022865218;"Tanzania";2002;" Zanzibar North";0,425;0,532;0,409;0,352;8,1;3,8;54,6;1500;194
"TZAr222";"Africa";"TZA";163;39,3315548626048;-6,09840683366509;"Tanzania";2002;" Zanzibar South";0,499;0,549;0,459;0,493;10,2;6,3;55,7;2090;86
"TZAr223";"Africa";"TZA";100;39,2648804371956;-6,10302223659796;"Tanzania";2002;" Zanzibar West";0,572;0,668;0,547;0,512;9,9;7,1;63,4;3740;370
"TZAr224";"Africa";"TZA";185;39,7596789622402;-5,08526339049648;"Tanzania";2002;" Pemba North";0,432;0,572;0,41;0,343;7,9;3,7;57,2;1510;219
"TZAr225";"Africa";"TZA";193;39,7759034172395;-5,27646561168114;"Tanzania";2002;" Pemba South";0,425;0,545;0,404;0,35;8,2;3,6;55,4;1450;179
"UGAr101";"Africa";"UGA";16015;31,7138392260677;-0,147002708693807;"Uganda";2002;"Central 1 (Central South)";0,426;0,443;0,405;0,431;9,8;4,8;48,8;1460;2685
"UGAr102";"Africa";"UGA";23425;32,1928518085147;0,869390393767649;"Uganda";2002;"Central 2 (Central North)";0,432;0,483;0,395;0,422;9,9;4,4;51,4;1370;2451
"UGAr103";"Africa";"UGA";165;32,5866396370498;0,31202583907143;"Uganda";2002;"Kampala";0,539;0,532;0,51;0,577;10,7;8,4;54,6;2930;1486
"UGAr104";"Africa";"UGA";11587;33,4717983579877;0,784581628617515;"Uganda";2002;"East Central (Busoga)";0,428;0,482;0,386;0,421;10,1;4,2;51,3;1290;2579
"UGAr105";"Africa";"UGA";18922;33,8544494273859;1,53371555840689;"Uganda";2002;"Eastern (Bukedi, Bugishu, Teso)";0,421;0,5;0,366;0,408;10,1;3,8;52,5;1120;3706
"UGAr106";"Africa";"UGA";71571;33,3262309751859;2,76075050431666;"Uganda";2002;"North (Karamoja, Lango, Acholi)";0,37;0,427;0,353;0,335;8,3;3,1;47,7;1040;4191
"UGAr107";"Africa";"UGA";15863;31,3536846093897;3,10866532972254;"Uganda";2002;"West Nile";0,39;0,417;0,364;0,392;9,8;3,6;47,1;1110;1389
"UGAr108";"Africa";"UGA";31224;31,010299405525;1,07154263123472;"Uganda";2002;"Western (Bunyoro, Tooro)";0,398;0,453;0,378;0,368;9,1;3,5;49,5;1220;3903
"UGAr109";"Africa";"UGA";21693;30,3986370502783;-0,619079499337974;"Uganda";2002;"Southwest (Ankole, Kigezi)";0,396;0,428;0,387;0,376;9,2;3,6;47,8;1290;3156
"ZAFr101";"Africa";"ZAF";129477;20,5872931168302;-33,0304312528833;"South Africa";2002;"Western Cape";0,701;0,635;0,811;0,669;12,4;9,7;61,3;21490;4893
"ZAFr102";"Africa";"ZAF";171610;26,4316735421275;-32,1499248989297;"South Africa";2002;"Eastern Cape";0,584;0,504;0,623;0,635;13,7;7,6;52,8;6190;6957
"ZAFr103";"Africa";"ZAF";372962;21,4064399753632;-29,444882577609;"South Africa";2002;"Northern Cape";0,623;0,552;0,741;0,59;11,9;7,8;55,9;13530;1004
"ZAFr104";"Africa";"ZAF";131239;26,9134885883944;-28,5901133455576;"South Africa";2002;"Free State";0,643;0,554;0,721;0,665;13,9;8,3;56;11830;2877
"ZAFr105";"Africa";"ZAF";92524;30,7340744803288;-28,7250100198581;"South Africa";2002;"KwaZulu Natal";0,598;0,523;0,669;0,611;12,6;7,8;54;8390;9758
"ZAFr106";"Africa";"ZAF";103223;25,5152697030726;-26,270949989492;"South Africa";2002;"North West";0,621;0,56;0,683;0,626;13,3;7,7;56,4;9180;3667
"ZAFr107";"Africa";"ZAF";17233;28,1121127324234;-26,0508517283942;"South Africa";2002;"Gauteng";0,689;0,572;0,791;0,724;13,4;10,5;57,1;18790;9714
"ZAFr108";"Africa";"ZAF";77487;30,3168581267891;-25,8829159902628;"South Africa";2002;"Mpumalanga";0,609;0,528;0,694;0,618;13,6;7,2;54,3;9860;3366
"ZAFr109";"Africa";"ZAF";126256;29,2811025710059;-23,7976105950998;"South Africa";2002;"Northern Province";0,607;0,567;0,631;0,625;14,5;6,6;56,9;6520;5426
"ZMBr101";"Africa";"ZMB";111663;28,2547497878638;-14,4051912956052;"Zambia";2002;"Central";0,429;0,389;0,449;0,451;9,4;5,7;45,3;1950;807
"ZMBr102";"Africa";"ZMB";30900;27,8763556094204;-13,1174342969362;"Zambia";2002;"Copperbelt";0,518;0,462;0,573;0,525;9,9;7,5;50;4450;1976
"ZMBr103";"Africa";"ZMB";50430;31,9018367191435;-13,5698700248991;"Zambia";2002;"Eastern";0,387;0,417;0,417;0,334;7,2;4;47,1;1580;1369
"ZMBr104";"Africa";"ZMB";50653;29,1996148804759;-10,7153387349857;"Zambia";2002;"Luapula";0,363;0,353;0,391;0,347;7,1;4,5;43;1330;814
"ZMBr105";"Africa";"ZMB";26033;29,0909967347692;-15,4314883490421;"Zambia";2002;"Lusaka";0,504;0,456;0,536;0,524;9,9;7,5;49,7;3480;1428
"ZMBr106";"Africa";"ZMB";164825;31,3473865723997;-10,5533165854312;"Zambia";2002;"Northern";0,405;0,396;0,413;0,406;8,6;5;45,7;1540;1481
"ZMBr107";"Africa";"ZMB";126891;25,0372453187619;-13,0345428346532;"Zambia";2002;"North-Western";0,434;0,468;0,405;0,432;10,5;4,2;50,4;1460;544
"ZMBr108";"Africa";"ZMB";66921;26,7786358832402;-16,7987771749334;"Zambia";2002;"Southern";0,426;0,442;0,43;0,407;8,3;5,3;48,7;1720;1173
"ZMBr109";"Africa";"ZMB";127335;23,692104727795;-15,6523825994126;"Zambia";2002;"Western";0,364;0,381;0,388;0,327;7;3,9;44,8;1300;916
"ZWEr101";"Africa";"ZWE";36230;32,3855418666016;-19,0633736429444;"Zimbabwe";2002;"Manicaland";0,387;0,327;0,352;0,503;10,7;6,2;41,3;1030;1746
"ZWEr102";"Africa";"ZWE";28593;31,1867263513622;-16,6890941859839;"Zimbabwe";2002;"Mashonaland Central";0,383;0,357;0,348;0,451;9,7;5,5;43,2;1000;1133
"ZWEr103";"Africa";"ZWE";32463;31,6833094610222;-17,9799640620927;"Zimbabwe";2002;"Mashonaland East";0,405;0,367;0,362;0,501;10,6;6,2;43,9;1100;1080
"ZWEr104";"Africa";"ZWE";57301;29,7241024705058;-17,1971253296009;"Zimbabwe";2002;"Mashonaland West";0,405;0,376;0,374;0,474;9,7;6,1;44,4;1190;1175
"ZWEr105";"Africa";"ZWE";76623;27,4100820362064;-18,8304250355664;"Zimbabwe";2002;"Matebeleland North";0,401;0,413;0,343;0,454;9,6;5,6;46,9;970;764
"ZWEr106";"Africa";"ZWE";54381;29,0152683654906;-21,0190148790745;"Zimbabwe";2002;"Matebeleland South";0,416;0,417;0,351;0,49;10,3;6,1;47,1;1020;655
"ZWEr107";"Africa";"ZWE";48738;29,481202122612;-18,9623964157928;"Zimbabwe";2002;"Midlands";0,416;0,374;0,375;0,513;10,3;6,8;44,3;1200;1588
"ZWEr108";"Africa";"ZWE";55394;31,2427914980235;-20,7992839290558;"Zimbabwe";2002;"Masvingo";0,41;0,407;0,341;0,496;10,7;5,9;46,4;960;1379
"ZWEr109";"Africa";"ZWE";144;30,9770443005673;-17,7833283710112;"Zimbabwe";2002;"Harare";0,509;0,401;0,517;0,635;11,5;9,5;46;3060;1723
"ZWEr110";"Africa";"ZWE";363;28,5356716162764;-20,1244427937257;"Zimbabwe";2002;"Bulawayo";0,519;0,42;0,536;0,622;11,8;8,9;47,3;3480;742
