"0","don <- read.table(file = ""data/survey_data.csv"", # nom du fichier et chemin d'accès"
"0","                  sep = "";"",                     # séparateur (ici, des points-virgule)"
"0","                  dec="","",                       # Type de décimale"
"0","                  header = TRUE,                 # ligne d'en-tête avec le nom des variables"
"0","                  encoding=""UTF-8"",              # encodage adapté au français"
"0","                  stringsAsFactors = TRUE)       # Transforme les character en factor     "
"0",""
