{"chunk_definitions":[{"row":11,"row_count":1,"visible":true,"expansion_state":0,"options":{"engine":"r","label":"setup","include":false,"dev":"png"},"document_id":"7B8DB10F","chunk_id":"csetup_chunk","chunk_label":"setup"},{"row":30,"row_count":1,"visible":true,"expansion_state":0,"options":{"engine":"r","label":"unnamed-chunk-181","dev":"png"},"document_id":"7B8DB10F","chunk_id":"cdrilpb6barar","chunk_label":"unnamed-chunk-1"},{"row":46,"row_count":1,"visible":true,"expansion_state":0,"options":{"engine":"r","label":"unnamed-chunk-182","dev":"png"},"document_id":"7B8DB10F","chunk_id":"cb8q4uhfro5ws","chunk_label":"unnamed-chunk-2"},{"row":64,"row_count":1,"visible":true,"expansion_state":0,"options":{"engine":"r","label":"unnamed-chunk-183","dev":"png"},"document_id":"7B8DB10F","chunk_id":"cvtaw2ciz5e0q","chunk_label":"unnamed-chunk-3"},{"row":71,"row_count":1,"visible":true,"expansion_state":0,"options":{"engine":"r","label":"unnamed-chunk-184","dev":"png"},"document_id":"7B8DB10F","chunk_id":"cwhwlaildqqcb","chunk_label":"unnamed-chunk-4"},{"row":83,"row_count":1,"visible":true,"expansion_state":0,"options":{"engine":"r","label":"unnamed-chunk-185","dev":"png"},"document_id":"7B8DB10F","chunk_id":"cqgxcyvyyop43","chunk_label":"unnamed-chunk-5"},{"row":93,"row_count":1,"visible":true,"expansion_state":0,"options":{"engine":"r","label":"unnamed-chunk-186","dev":"png"},"document_id":"7B8DB10F","chunk_id":"coma749m7w2iv","chunk_label":"unnamed-chunk-6"},{"row":105,"row_count":1,"visible":true,"expansion_state":0,"options":{"engine":"r","label":"unnamed-chunk-187","dev":"png"},"document_id":"7B8DB10F","chunk_id":"cyyl2n14kpdst","chunk_label":"unnamed-chunk-7"},{"row":125,"row_count":1,"visible":true,"expansion_state":0,"options":{"engine":"r","label":"unnamed-chunk-188","dev":"png"},"document_id":"7B8DB10F","chunk_id":"cjvshypm5t7sx","chunk_label":"unnamed-chunk-8"},{"row":136,"row_count":1,"visible":true,"expansion_state":0,"options":{"engine":"r","label":"unnamed-chunk-189","dev":"png"},"document_id":"7B8DB10F","chunk_id":"cns9dro6z02cv","chunk_label":"unnamed-chunk-9"},{"row":148,"row_count":1,"visible":true,"expansion_state":0,"options":{"engine":"r","label":"unnamed-chunk-190","dev":"png"},"document_id":"7B8DB10F","chunk_id":"cy37ovdb8cfb7","chunk_label":"unnamed-chunk-10"},{"row":156,"row_count":1,"visible":true,"expansion_state":0,"options":{"engine":"r","label":"unnamed-chunk-191","dev":"png"},"document_id":"7B8DB10F","chunk_id":"c4y81si72s6f1","chunk_label":"unnamed-chunk-11"},{"row":166,"row_count":1,"visible":true,"expansion_state":0,"options":{"engine":"r","label":"unnamed-chunk-192","dev":"png"},"document_id":"7B8DB10F","chunk_id":"c1equ8qd1jcx8","chunk_label":"unnamed-chunk-12"},{"row":180,"row_count":1,"visible":true,"expansion_state":0,"options":{"engine":"r","label":"unnamed-chunk-193","dev":"png"},"document_id":"7B8DB10F","chunk_id":"cskvn6vqme8qi","chunk_label":"unnamed-chunk-13"},{"row":190,"row_count":1,"visible":true,"expansion_state":0,"options":{"engine":"r","label":"unnamed-chunk-194","dev":"png"},"document_id":"7B8DB10F","chunk_id":"cj0ma9yrz891x","chunk_label":"unnamed-chunk-14"},{"row":201,"row_count":1,"visible":true,"expansion_state":0,"options":{"engine":"r","label":"unnamed-chunk-195","dev":"png"},"document_id":"7B8DB10F","chunk_id":"c1a79bniotlzm","chunk_label":"unnamed-chunk-15"},{"row":209,"row_count":1,"visible":true,"expansion_state":0,"options":{"engine":"r","label":"unnamed-chunk-196","dev":"png"},"document_id":"7B8DB10F","chunk_id":"c0eoswye2axr7","chunk_label":"unnamed-chunk-16"},{"row":233,"row_count":1,"visible":true,"expansion_state":0,"options":{"engine":"r","label":"unnamed-chunk-197","dev":"png"},"document_id":"7B8DB10F","chunk_id":"cncl8erw7i1a2","chunk_label":"unnamed-chunk-17"},{"row":242,"row_count":1,"visible":true,"expansion_state":0,"options":{"engine":"r","label":"unnamed-chunk-198","dev":"png"},"document_id":"7B8DB10F","chunk_id":"cuv9890znj92m","chunk_label":"unnamed-chunk-18"},{"row":252,"row_count":1,"visible":true,"expansion_state":0,"options":{"engine":"r","label":"unnamed-chunk-173","dev":"png"},"document_id":"7B8DB10F","chunk_id":"cgjzuowl29dno","chunk_label":"unnamed-chunk-19"},{"row":265,"row_count":1,"visible":true,"expansion_state":0,"options":{"engine":"r","label":"unnamed-chunk-174","dev":"png"},"document_id":"7B8DB10F","chunk_id":"ckkpaufe6sss4","chunk_label":"unnamed-chunk-20"},{"row":274,"row_count":1,"visible":true,"expansion_state":0,"options":{"engine":"r","label":"unnamed-chunk-175","dev":"png"},"document_id":"7B8DB10F","chunk_id":"cc0c6ytshvavy","chunk_label":"unnamed-chunk-21"},{"row":294,"row_count":1,"visible":true,"expansion_state":0,"options":{"engine":"r","label":"unnamed-chunk-179","dev":"png"},"document_id":"7B8DB10F","chunk_id":"ckaxmnuvvmfgp","chunk_label":"unnamed-chunk-22"},{"row":316,"row_count":1,"visible":true,"expansion_state":0,"options":{"engine":"r","label":"unnamed-chunk-208","dev":"png"},"document_id":"7B8DB10F","chunk_id":"c48mhaz4desgf","chunk_label":"unnamed-chunk-23"},{"row":329,"row_count":1,"visible":true,"expansion_state":0,"options":{"engine":"r","label":"unnamed-chunk-206","dev":"png"},"document_id":"7B8DB10F","chunk_id":"czkvdlgyixb3d","chunk_label":"unnamed-chunk-24"},{"row":342,"row_count":1,"visible":true,"expansion_state":0,"options":{"engine":"r","label":"unnamed-chunk-209","dev":"png"},"document_id":"7B8DB10F","chunk_id":"ccapjkhzm1b14","chunk_label":"unnamed-chunk-25"}],"doc_write_time":1750084478,"chunk_rendered_width":700}