{"chunk_definitions":[{"row":11,"row_count":1,"visible":true,"expansion_state":0,"options":{"engine":"r","label":"setup","include":false,"dev":"png"},"document_id":"7B8DB10F","chunk_id":"csetup_chunk","chunk_label":"setup"},{"row":70,"row_count":1,"visible":true,"expansion_state":0,"options":{"engine":"r","label":"unnamed-chunk-184","dev":"png"},"document_id":"7B8DB10F","chunk_id":"cwhwlaildqqcb","chunk_label":"unnamed-chunk-4"},{"row":155,"row_count":1,"visible":true,"expansion_state":0,"options":{"engine":"r","label":"unnamed-chunk-189","dev":"png"},"document_id":"7B8DB10F","chunk_id":"cns9dro6z02cv","chunk_label":"unnamed-chunk-10"}],"doc_write_time":1750250038}