{"chunk_definitions":[{"row":20,"row_count":1,"visible":true,"expansion_state":0,"options":{"engine":"r","label":"unnamed-chunk-3","dev":"png"},"document_id":"879AF8DE","chunk_id":"c56d0899tnoz7","chunk_label":"unnamed-chunk-1"},{"row":28,"row_count":1,"visible":true,"expansion_state":0,"options":{"engine":"r","label":"unnamed-chunk-4","dev":"png"},"document_id":"879AF8DE","chunk_id":"csj1h0afky7gl","chunk_label":"unnamed-chunk-2"},{"row":49,"row_count":1,"visible":true,"expansion_state":0,"options":{"engine":"r","label":"unnamed-chunk-5","dev":"png"},"document_id":"879AF8DE","chunk_id":"c6n9hffucebuj","chunk_label":"unnamed-chunk-3"},{"row":59,"row_count":1,"visible":true,"expansion_state":0,"options":{"engine":"r","label":"unnamed-chunk-6","dev":"png"},"document_id":"879AF8DE","chunk_id":"c0m7g4bjkqt35","chunk_label":"unnamed-chunk-4"},{"row":65,"row_count":1,"visible":true,"expansion_state":0,"options":{"engine":"r","label":"unnamed-chunk-7","dev":"png"},"document_id":"879AF8DE","chunk_id":"crl4rq0uk4qdz","chunk_label":"unnamed-chunk-5"},{"row":73,"row_count":1,"visible":true,"expansion_state":0,"options":{"engine":"r","label":"unnamed-chunk-8","dev":"png"},"document_id":"879AF8DE","chunk_id":"cqbkp26mpwwsu","chunk_label":"unnamed-chunk-6"},{"row":78,"row_count":1,"visible":true,"expansion_state":0,"options":{"engine":"r","label":"unnamed-chunk-9","dev":"png"},"document_id":"879AF8DE","chunk_id":"clnwctuxaqkzi","chunk_label":"unnamed-chunk-7"},{"row":86,"row_count":1,"visible":true,"expansion_state":0,"options":{"engine":"r","label":"unnamed-chunk-10","dev":"png"},"document_id":"879AF8DE","chunk_id":"czmr5fe427b4q","chunk_label":"unnamed-chunk-8"},{"row":97,"row_count":1,"visible":true,"expansion_state":0,"options":{"engine":"r","label":"unnamed-chunk-11","dev":"png"},"document_id":"879AF8DE","chunk_id":"cela1smjo0fc9","chunk_label":"unnamed-chunk-9"},{"row":106,"row_count":1,"visible":true,"expansion_state":0,"options":{"engine":"r","label":"unnamed-chunk-12","dev":"png"},"document_id":"879AF8DE","chunk_id":"cvl6lq9lorjx9","chunk_label":"unnamed-chunk-10"},{"row":118,"row_count":1,"visible":true,"expansion_state":0,"options":{"engine":"r","label":"unnamed-chunk-13","dev":"png"},"document_id":"879AF8DE","chunk_id":"c9evgpjqv6mvz","chunk_label":"unnamed-chunk-11"},{"row":136,"row_count":1,"visible":true,"expansion_state":0,"options":{"engine":"r","label":"unnamed-chunk-14","dev":"png"},"document_id":"879AF8DE","chunk_id":"c0m5s89uxg97r","chunk_label":"unnamed-chunk-12"},{"row":144,"row_count":1,"visible":true,"expansion_state":0,"options":{"engine":"r","label":"unnamed-chunk-15","dev":"png"},"document_id":"879AF8DE","chunk_id":"c9ew1fafgfovd","chunk_label":"unnamed-chunk-13"},{"row":151,"row_count":1,"visible":true,"expansion_state":0,"options":{"engine":"r","label":"unnamed-chunk-16","dev":"png"},"document_id":"879AF8DE","chunk_id":"czr5x06dxo0eu","chunk_label":"unnamed-chunk-14"},{"row":160,"row_count":1,"visible":true,"expansion_state":0,"options":{"engine":"r","label":"unnamed-chunk-17","dev":"png"},"document_id":"879AF8DE","chunk_id":"c4kmydkpt6krt","chunk_label":"unnamed-chunk-15"},{"row":178,"row_count":1,"visible":true,"expansion_state":0,"options":{"engine":"r","label":"unnamed-chunk-18","dev":"png"},"document_id":"879AF8DE","chunk_id":"ckubui72hl9y9","chunk_label":"unnamed-chunk-16"},{"row":184,"row_count":1,"visible":true,"expansion_state":0,"options":{"engine":"r","label":"unnamed-chunk-19","dev":"png"},"document_id":"879AF8DE","chunk_id":"cxuejywnppre2","chunk_label":"unnamed-chunk-17"},{"row":194,"row_count":1,"visible":true,"expansion_state":0,"options":{"engine":"r","label":"unnamed-chunk-20","dev":"png"},"document_id":"879AF8DE","chunk_id":"cmoxhyor0ahxu","chunk_label":"unnamed-chunk-18"},{"row":209,"row_count":1,"visible":true,"expansion_state":0,"options":{"engine":"r","label":"unnamed-chunk-21","dev":"png"},"document_id":"879AF8DE","chunk_id":"cp590cte6blmb","chunk_label":"unnamed-chunk-19"},{"row":216,"row_count":1,"visible":true,"expansion_state":0,"options":{"engine":"r","label":"unnamed-chunk-22","dev":"png"},"document_id":"879AF8DE","chunk_id":"cbjjiq8uhpo49","chunk_label":"unnamed-chunk-20"},{"row":229,"row_count":1,"visible":true,"expansion_state":0,"options":{"engine":"r","label":"unnamed-chunk-23","dev":"png"},"document_id":"879AF8DE","chunk_id":"cwqoz4u8ac6zv","chunk_label":"unnamed-chunk-21"},{"row":240,"row_count":1,"visible":true,"expansion_state":0,"options":{"engine":"r","label":"unnamed-chunk-24","dev":"png"},"document_id":"879AF8DE","chunk_id":"cd2niwlsv3snl","chunk_label":"unnamed-chunk-22"},{"row":252,"row_count":1,"visible":true,"expansion_state":0,"options":{"engine":"r","label":"unnamed-chunk-25","dev":"png"},"document_id":"879AF8DE","chunk_id":"cjmq9uu79ggz0","chunk_label":"unnamed-chunk-23"},{"row":266,"row_count":1,"visible":true,"expansion_state":0,"options":{"engine":"r","label":"unnamed-chunk-26","dev":"png"},"document_id":"879AF8DE","chunk_id":"c091xjjivpzz9","chunk_label":"unnamed-chunk-24"},{"row":278,"row_count":1,"visible":true,"expansion_state":0,"options":{"engine":"r","label":"unnamed-chunk-27","dev":"png"},"document_id":"879AF8DE","chunk_id":"cspyyriz4msio","chunk_label":"unnamed-chunk-25"}],"doc_write_time":1641996917}