{"chunk_definitions":[{"row":32,"row_count":1,"visible":true,"expansion_state":0,"options":{"engine":"r","label":"unnamed-chunk-1","dev":"png"},"document_id":"426FDCE6","chunk_id":"cnc2tujtmj1sj","chunk_label":"unnamed-chunk-1"},{"row":40,"row_count":1,"visible":true,"expansion_state":0,"options":{"engine":"r","label":"unnamed-chunk-2","dev":"png"},"document_id":"426FDCE6","chunk_id":"cjdg82tdcabbe","chunk_label":"unnamed-chunk-2"},{"row":48,"row_count":1,"visible":true,"expansion_state":0,"options":{"engine":"r","label":"unnamed-chunk-3","dev":"png"},"document_id":"426FDCE6","chunk_id":"cl8ufy4nrztj5","chunk_label":"unnamed-chunk-3"},{"row":65,"row_count":1,"visible":true,"expansion_state":0,"options":{"engine":"r","label":"unnamed-chunk-4","dev":"png"},"document_id":"426FDCE6","chunk_id":"cyl0l4z4tgt53","chunk_label":"unnamed-chunk-5"},{"row":77,"row_count":1,"visible":true,"expansion_state":0,"options":{"engine":"r","label":"unnamed-chunk-7","dev":"png"},"document_id":"426FDCE6","chunk_id":"cx0vbh00h75eu","chunk_label":"unnamed-chunk-6"},{"row":86,"row_count":1,"visible":true,"expansion_state":0,"options":{"engine":"r","label":"unnamed-chunk-8","dev":"png"},"document_id":"426FDCE6","chunk_id":"cazs479lu53e8","chunk_label":"unnamed-chunk-7"},{"row":100,"row_count":1,"visible":true,"expansion_state":0,"options":{"engine":"r","label":"unnamed-chunk-9","dev":"png"},"document_id":"426FDCE6","chunk_id":"ct44wu57ugzgx","chunk_label":"unnamed-chunk-8"},{"row":124,"row_count":1,"visible":true,"expansion_state":0,"options":{"engine":"r","label":"unnamed-chunk-10","dev":"png"},"document_id":"426FDCE6","chunk_id":"ckipnqfv9uvoi","chunk_label":"unnamed-chunk-9"},{"row":133,"row_count":1,"visible":true,"expansion_state":0,"options":{"engine":"r","label":"unnamed-chunk-14","dev":"png"},"document_id":"426FDCE6","chunk_id":"cyizdjt1zeizi","chunk_label":"unnamed-chunk-10"},{"row":145,"row_count":1,"visible":true,"expansion_state":0,"options":{"engine":"r","label":"unnamed-chunk-15","dev":"png"},"document_id":"426FDCE6","chunk_id":"c86ygr3riprfv","chunk_label":"unnamed-chunk-11"},{"row":151,"row_count":1,"visible":true,"expansion_state":0,"options":{"engine":"r","label":"unnamed-chunk-16","dev":"png"},"document_id":"426FDCE6","chunk_id":"chhjr5hg73f7j","chunk_label":"unnamed-chunk-12"},{"row":166,"row_count":1,"visible":true,"expansion_state":0,"options":{"engine":"r","label":"unnamed-chunk-17","dev":"png"},"document_id":"426FDCE6","chunk_id":"cyug4e0efvod1","chunk_label":"unnamed-chunk-13"},{"row":173,"row_count":1,"visible":true,"expansion_state":0,"options":{"engine":"r","label":"unnamed-chunk-18","dev":"png"},"document_id":"426FDCE6","chunk_id":"cfonjzj0whnma","chunk_label":"unnamed-chunk-14"},{"row":183,"row_count":1,"visible":true,"expansion_state":0,"options":{"engine":"r","label":"unnamed-chunk-19","dev":"png"},"document_id":"426FDCE6","chunk_id":"c88unfnriqw35","chunk_label":"unnamed-chunk-15"},{"row":189,"row_count":1,"visible":true,"expansion_state":0,"options":{"engine":"r","label":"unnamed-chunk-20","dev":"png"},"document_id":"426FDCE6","chunk_id":"clwhmacihje1o","chunk_label":"unnamed-chunk-16"},{"row":198,"row_count":1,"visible":true,"expansion_state":0,"options":{"engine":"r","label":"unnamed-chunk-21","dev":"png"},"document_id":"426FDCE6","chunk_id":"c82tehj0x18ur","chunk_label":"unnamed-chunk-17"},{"row":204,"row_count":1,"visible":true,"expansion_state":0,"options":{"engine":"r","label":"unnamed-chunk-22","dev":"png"},"document_id":"426FDCE6","chunk_id":"cbdjzr4afbrb2","chunk_label":"unnamed-chunk-18"},{"row":210,"row_count":1,"visible":true,"expansion_state":0,"options":{"engine":"r","label":"unnamed-chunk-23","dev":"png"},"document_id":"426FDCE6","chunk_id":"cd6ixsiab8557","chunk_label":"unnamed-chunk-19"},{"row":216,"row_count":1,"visible":true,"expansion_state":0,"options":{"engine":"r","label":"unnamed-chunk-24","dev":"png"},"document_id":"426FDCE6","chunk_id":"ce8mt4idb3ffs","chunk_label":"unnamed-chunk-20"},{"row":225,"row_count":1,"visible":true,"expansion_state":0,"options":{"engine":"r","label":"unnamed-chunk-25","dev":"png"},"document_id":"426FDCE6","chunk_id":"crg791nv5yrie","chunk_label":"unnamed-chunk-21"},{"row":232,"row_count":1,"visible":true,"expansion_state":0,"options":{"engine":"r","label":"unnamed-chunk-27","dev":"png"},"document_id":"426FDCE6","chunk_id":"cw2otq4kq0out","chunk_label":"unnamed-chunk-22"},{"row":247,"row_count":1,"visible":true,"expansion_state":0,"options":{"engine":"r","label":"unnamed-chunk-30","dev":"png"},"document_id":"426FDCE6","chunk_id":"c9apnzvdm3fb9","chunk_label":"unnamed-chunk-23"},{"row":258,"row_count":1,"visible":true,"expansion_state":0,"options":{"engine":"r","label":"unnamed-chunk-34","dev":"png"},"document_id":"426FDCE6","chunk_id":"cw2rowci81f5w","chunk_label":"unnamed-chunk-24"},{"row":271,"row_count":1,"visible":true,"expansion_state":0,"options":{"engine":"r","label":"unnamed-chunk-38","dev":"png"},"document_id":"426FDCE6","chunk_id":"cf6xrnj2w57cg","chunk_label":"unnamed-chunk-25"}],"doc_write_time":1749566329}