{"chunk_definitions":[{"row":10,"row_count":1,"visible":true,"expansion_state":0,"options":{"engine":"r","label":"setup","include":false,"dev":"png"},"document_id":"2EA7EB1F","chunk_id":"csetup_chunk","chunk_label":"setup"},{"row":26,"row_count":1,"visible":true,"expansion_state":0,"options":{"engine":"r","label":"load","dev":"png"},"document_id":"2EA7EB1F","chunk_id":"c8vqwggdwxhy2","chunk_label":"load"},{"row":36,"row_count":1,"visible":true,"expansion_state":0,"options":{"engine":"r","label":"unnamed-chunk-134","dev":"png"},"document_id":"2EA7EB1F","chunk_id":"cfxq08yppcx31","chunk_label":"unnamed-chunk-1"},{"row":44,"row_count":1,"visible":true,"expansion_state":0,"options":{"engine":"r","label":"unnamed-chunk-135","dev":"png"},"document_id":"2EA7EB1F","chunk_id":"c51ck3s9yfqko","chunk_label":"unnamed-chunk-2"},{"row":57,"row_count":1,"visible":true,"expansion_state":0,"options":{"engine":"r","label":"unnamed-chunk-136","dev":"png"},"document_id":"2EA7EB1F","chunk_id":"ch837dey2oixq","chunk_label":"unnamed-chunk-3"},{"row":69,"row_count":1,"visible":true,"expansion_state":0,"options":{"engine":"r","label":"unnamed-chunk-137","dev":"png"},"document_id":"2EA7EB1F","chunk_id":"c4k0kqkakunel","chunk_label":"unnamed-chunk-4"},{"row":78,"row_count":1,"visible":true,"expansion_state":0,"options":{"engine":"r","label":"unnamed-chunk-138","dev":"png"},"document_id":"2EA7EB1F","chunk_id":"cvrmhakn1xlgb","chunk_label":"unnamed-chunk-5"},{"row":95,"row_count":1,"visible":true,"expansion_state":0,"options":{"engine":"r","label":"unnamed-chunk-139","dev":"png"},"document_id":"2EA7EB1F","chunk_id":"c2fc480wvzkrt","chunk_label":"unnamed-chunk-6"},{"row":105,"row_count":1,"visible":true,"expansion_state":0,"options":{"engine":"r","label":"unnamed-chunk-140","dev":"png"},"document_id":"2EA7EB1F","chunk_id":"civb47kffcmmv","chunk_label":"unnamed-chunk-7"},{"row":116,"row_count":1,"visible":true,"expansion_state":0,"options":{"engine":"r","label":"unnamed-chunk-141","dev":"png"},"document_id":"2EA7EB1F","chunk_id":"co10i569esrj2","chunk_label":"unnamed-chunk-8"},{"row":123,"row_count":1,"visible":true,"expansion_state":0,"options":{"engine":"r","label":"unnamed-chunk-142","dev":"png"},"document_id":"2EA7EB1F","chunk_id":"cv6y8s4wcboir","chunk_label":"unnamed-chunk-9"},{"row":133,"row_count":1,"visible":true,"expansion_state":0,"options":{"engine":"r","label":"unnamed-chunk-143","dev":"png"},"document_id":"2EA7EB1F","chunk_id":"c4kkvowzlcgvk","chunk_label":"unnamed-chunk-10"},{"row":142,"row_count":1,"visible":true,"expansion_state":0,"options":{"engine":"r","label":"unnamed-chunk-144","dev":"png"},"document_id":"2EA7EB1F","chunk_id":"c0vermcsax6yq","chunk_label":"unnamed-chunk-11"},{"row":159,"row_count":1,"visible":true,"expansion_state":0,"options":{"engine":"r","label":"unnamed-chunk-145","dev":"png"},"document_id":"2EA7EB1F","chunk_id":"cnmnlv5bj3514","chunk_label":"unnamed-chunk-12"},{"row":165,"row_count":1,"visible":true,"expansion_state":0,"options":{"engine":"r","label":"unnamed-chunk-146","dev":"png"},"document_id":"2EA7EB1F","chunk_id":"c9yfhvbad01vm","chunk_label":"unnamed-chunk-13"},{"row":176,"row_count":1,"visible":true,"expansion_state":0,"options":{"engine":"r","label":"unnamed-chunk-147","dev":"png"},"document_id":"2EA7EB1F","chunk_id":"cfnawr54rdny7","chunk_label":"unnamed-chunk-14"},{"row":189,"row_count":1,"visible":true,"expansion_state":0,"options":{"engine":"r","label":"unnamed-chunk-148","dev":"png"},"document_id":"2EA7EB1F","chunk_id":"cu47a0be8nsin","chunk_label":"unnamed-chunk-15"},{"row":208,"row_count":1,"visible":true,"expansion_state":0,"options":{"engine":"r","label":"unnamed-chunk-149","dev":"png"},"document_id":"2EA7EB1F","chunk_id":"c6h0dzsd50kmy","chunk_label":"unnamed-chunk-16"},{"row":220,"row_count":1,"visible":true,"expansion_state":0,"options":{"engine":"r","label":"unnamed-chunk-150","dev":"png"},"document_id":"2EA7EB1F","chunk_id":"cs8q2x8lwjqn5","chunk_label":"unnamed-chunk-17"},{"row":227,"row_count":1,"visible":true,"expansion_state":0,"options":{"engine":"r","label":"unnamed-chunk-151","dev":"png"},"document_id":"2EA7EB1F","chunk_id":"c6vtojj2lcyj5","chunk_label":"unnamed-chunk-18"},{"row":235,"row_count":1,"visible":true,"expansion_state":0,"options":{"engine":"r","label":"unnamed-chunk-152","dev":"png"},"document_id":"2EA7EB1F","chunk_id":"cgnnwbcxtxrov","chunk_label":"unnamed-chunk-19"},{"row":240,"row_count":1,"visible":true,"expansion_state":0,"options":{"engine":"r","label":"unnamed-chunk-153","dev":"png"},"document_id":"2EA7EB1F","chunk_id":"cmas28pk2wybs","chunk_label":"unnamed-chunk-20"},{"row":255,"row_count":1,"visible":true,"expansion_state":0,"options":{"engine":"r","label":"unnamed-chunk-154","dev":"png"},"document_id":"2EA7EB1F","chunk_id":"cybn4s899pceo","chunk_label":"unnamed-chunk-21"},{"row":274,"row_count":1,"visible":true,"expansion_state":0,"options":{"engine":"r","label":"unnamed-chunk-155","dev":"png"},"document_id":"2EA7EB1F","chunk_id":"ch2lzioxgdk5b","chunk_label":"unnamed-chunk-22"},{"row":282,"row_count":1,"visible":true,"expansion_state":0,"options":{"engine":"r","label":"unnamed-chunk-156","dev":"png"},"document_id":"2EA7EB1F","chunk_id":"cq7n4g8ewmwqb","chunk_label":"unnamed-chunk-23"},{"row":289,"row_count":1,"visible":true,"expansion_state":0,"options":{"engine":"r","label":"unnamed-chunk-157","dev":"png"},"document_id":"2EA7EB1F","chunk_id":"cqwnjmole8bqx","chunk_label":"unnamed-chunk-24"},{"row":296,"row_count":1,"visible":true,"expansion_state":0,"options":{"engine":"r","label":"unnamed-chunk-158","dev":"png"},"document_id":"2EA7EB1F","chunk_id":"ce5lmueezwkza","chunk_label":"unnamed-chunk-25"},{"row":306,"row_count":1,"visible":true,"expansion_state":0,"options":{"engine":"r","label":"unnamed-chunk-160","dev":"png"},"document_id":"2EA7EB1F","chunk_id":"c93ukornvx9yq","chunk_label":"unnamed-chunk-26"}],"doc_write_time":1645647300,"working_dir":null,"default_chunk_options":{"echo":true},"chunk_rendered_width":675}